[11aug2024 15:03:17.345] [main/INFO] [cpw.mods.modlauncher.Launcher/MODLAUNCHER]: ModLauncher running: args [--nogui, --launchTarget, forgeserveruserdev, --gameDir, ., --fml.neoForgeVersion, 21.0.114-beta, --fml.fmlVersion, 4.0.18, --fml.mcVersion, 1.21, --fml.neoFormVersion, 20240613.152323]
[11aug2024 15:03:17.346] [main/INFO] [cpw.mods.modlauncher.Launcher/MODLAUNCHER]: JVM identified as Amazon.com Inc. OpenJDK 64-Bit Server VM 21.0.3+9-LTS
[11aug2024 15:03:17.347] [main/INFO] [cpw.mods.modlauncher.Launcher/MODLAUNCHER]: ModLauncher 11.0.4+main.d2e20e43 starting: java version 21.0.3 by Amazon.com Inc.; OS Windows 10 arch amd64 version 10.0
[11aug2024 15:03:17.365] [main/DEBUG] [cpw.mods.modlauncher.LaunchServiceHandler/MODLAUNCHER]: Found launch services [minecraft,forgeclient,forgedatauserdev,testharness,forgeserverdev,forgeserveruserdev,forgejunitdev,forgeclientdev,forgeclientuserdev,forgeserver,forgejunituserdev,forgedatadev]
[11aug2024 15:03:17.386] [main/DEBUG] [cpw.mods.modlauncher.LaunchPluginHandler/MODLAUNCHER]: Found launch plugins: [mixin,slf4jfixer,runtime_enum_extender,accesstransformer,runtimedistcleaner]
[11aug2024 15:03:17.394] [main/DEBUG] [cpw.mods.modlauncher.TransformationServicesHandler/MODLAUNCHER]: Discovering transformation services
[11aug2024 15:03:17.399] [main/DEBUG] [net.neoforged.fml.loading.FMLPaths/CORE]: Path GAMEDIR is C:\Users\Veenstra\Desktop\Oceans Delight - NeoForge - 1.21\runs\server
[11aug2024 15:03:17.399] [main/DEBUG] [net.neoforged.fml.loading.FMLPaths/CORE]: Path MODSDIR is C:\Users\Veenstra\Desktop\Oceans Delight - NeoForge - 1.21\runs\server\mods
[11aug2024 15:03:17.399] [main/DEBUG] [net.neoforged.fml.loading.FMLPaths/CORE]: Path CONFIGDIR is C:\Users\Veenstra\Desktop\Oceans Delight - NeoForge - 1.21\runs\server\config
[11aug2024 15:03:17.400] [main/DEBUG] [net.neoforged.fml.loading.FMLPaths/CORE]: Path FMLCONFIG is C:\Users\Veenstra\Desktop\Oceans Delight - NeoForge - 1.21\runs\server\config\fml.toml
[11aug2024 15:03:17.433] [main/WARN] [net.neoforged.fml.loading.FMLConfig/CORE]: Configuration file C:\Users\Veenstra\Desktop\Oceans Delight - NeoForge - 1.21\runs\server\config\fml.toml is not correct. Correcting
[11aug2024 15:03:17.437] [main/INFO] [net.neoforged.fml.loading.FMLConfig/CORE]: Incorrect key [disableConfigWatcher] was corrected from null to false
[11aug2024 15:03:17.438] [main/INFO] [net.neoforged.fml.loading.FMLConfig/CORE]: Incorrect key [earlyWindowSkipGLVersions] was corrected from null to []
[11aug2024 15:03:17.438] [main/INFO] [net.neoforged.fml.loading.FMLConfig/CORE]: Incorrect key [earlyWindowSquir] was corrected from null to false
[11aug2024 15:03:17.445] [main/TRACE] [net.neoforged.fml.loading.FMLConfig/CORE]: Loaded FML config from C:\Users\Veenstra\Desktop\Oceans Delight - NeoForge - 1.21\runs\server\config\fml.toml
[11aug2024 15:03:17.446] [main/TRACE] [net.neoforged.fml.loading.FMLConfig/CORE]: FMLConfig disableConfigWatcher is false
[11aug2024 15:03:17.446] [main/TRACE] [net.neoforged.fml.loading.FMLConfig/CORE]: FMLConfig earlyWindowControl is true
[11aug2024 15:03:17.446] [main/TRACE] [net.neoforged.fml.loading.FMLConfig/CORE]: FMLConfig maxThreads is 8
[11aug2024 15:03:17.446] [main/TRACE] [net.neoforged.fml.loading.FMLConfig/CORE]: FMLConfig versionCheck is true
[11aug2024 15:03:17.446] [main/TRACE] [net.neoforged.fml.loading.FMLConfig/CORE]: FMLConfig defaultConfigPath is defaultconfigs
[11aug2024 15:03:17.446] [main/TRACE] [net.neoforged.fml.loading.FMLConfig/CORE]: FMLConfig disableOptimizedDFU is true
[11aug2024 15:03:17.446] [main/TRACE] [net.neoforged.fml.loading.FMLConfig/CORE]: FMLConfig earlyWindowProvider is fmlearlywindow
[11aug2024 15:03:17.446] [main/TRACE] [net.neoforged.fml.loading.FMLConfig/CORE]: FMLConfig earlyWindowWidth is 854
[11aug2024 15:03:17.446] [main/TRACE] [net.neoforged.fml.loading.FMLConfig/CORE]: FMLConfig earlyWindowHeight is 480
[11aug2024 15:03:17.446] [main/TRACE] [net.neoforged.fml.loading.FMLConfig/CORE]: FMLConfig earlyWindowFBScale is 1
[11aug2024 15:03:17.446] [main/TRACE] [net.neoforged.fml.loading.FMLConfig/CORE]: FMLConfig earlyWindowMaximized is false
[11aug2024 15:03:17.447] [main/TRACE] [net.neoforged.fml.loading.FMLConfig/CORE]: FMLConfig earlyWindowSkipGLVersions is []
[11aug2024 15:03:17.447] [main/TRACE] [net.neoforged.fml.loading.FMLConfig/CORE]: FMLConfig earlyWindowSquir is false
[11aug2024 15:03:17.454] [main/DEBUG] [net.neoforged.fml.loading.targets.CommonLaunchHandler/CORE]: Got mod coordinates Oceans Delight - NeoForge - 1.21%%C:\Users\Veenstra\Desktop\Oceans Delight - NeoForge - 1.21\build\resources\main;Oceans Delight - NeoForge - 1.21%%C:\Users\Veenstra\Desktop\Oceans Delight - NeoForge - 1.21\build\classes\java\main from env
[11aug2024 15:03:17.456] [main/DEBUG] [net.neoforged.fml.loading.targets.CommonLaunchHandler/CORE]: Found supplied mod coordinates [{Oceans Delight - NeoForge - 1.21=[C:\Users\Veenstra\Desktop\Oceans Delight - NeoForge - 1.21\build\resources\main, C:\Users\Veenstra\Desktop\Oceans Delight - NeoForge - 1.21\build\classes\java\main]}]
[11aug2024 15:03:17.458] [main/DEBUG] [cpw.mods.modlauncher.TransformationServicesHandler/MODLAUNCHER]: Found additional transformation services from discovery services: 
[11aug2024 15:03:17.464] [main/INFO] [net.neoforged.fml.loading.ImmediateWindowHandler/]: ImmediateWindowProvider not loading because launch target is forgeserveruserdev
[11aug2024 15:03:17.470] [main/DEBUG] [cpw.mods.modlauncher.TransformationServicesHandler/MODLAUNCHER]: Found transformer services : [mixin,fml]
[11aug2024 15:03:17.470] [main/DEBUG] [cpw.mods.modlauncher.TransformationServicesHandler/MODLAUNCHER]: Transformation services loading
[11aug2024 15:03:17.470] [main/DEBUG] [cpw.mods.modlauncher.TransformationServiceDecorator/MODLAUNCHER]: Loading service mixin
[11aug2024 15:03:17.470] [main/DEBUG] [cpw.mods.modlauncher.TransformationServiceDecorator/MODLAUNCHER]: Loaded service mixin
[11aug2024 15:03:17.470] [main/DEBUG] [cpw.mods.modlauncher.TransformationServiceDecorator/MODLAUNCHER]: Loading service fml
[11aug2024 15:03:17.471] [main/DEBUG] [net.neoforged.fml.loading.FMLLoader/CORE]: FML 4.0.18 loading
[11aug2024 15:03:17.471] [main/DEBUG] [net.neoforged.fml.loading.FMLLoader/CORE]: FML found ModLauncher version : 11.0.4+main.d2e20e43
[11aug2024 15:03:17.471] [main/DEBUG] [net.neoforged.fml.loading.FMLLoader/CORE]: FML found AccessTransformer version : 10.0.1+139da711
[11aug2024 15:03:17.471] [main/DEBUG] [net.neoforged.fml.loading.FMLLoader/CORE]: FML found EventBus version : null
[11aug2024 15:03:17.472] [main/DEBUG] [net.neoforged.fml.loading.FMLLoader/CORE]: Found Runtime Dist Cleaner
[11aug2024 15:03:17.472] [main/DEBUG] [cpw.mods.modlauncher.TransformationServiceDecorator/MODLAUNCHER]: Loaded service fml
[11aug2024 15:03:17.472] [main/DEBUG] [cpw.mods.modlauncher.TransformationServicesHandler/MODLAUNCHER]: Configuring option handling for services
[11aug2024 15:03:17.487] [main/DEBUG] [net.neoforged.fml.loading.FMLServiceProvider/CORE]: Received command line version data  : VersionInfo[neoForgeVersion=21.0.114-beta, fmlVersion=4.0.18, mcVersion=1.21, neoFormVersion=20240613.152323]
[11aug2024 15:03:17.487] [main/DEBUG] [cpw.mods.modlauncher.TransformationServicesHandler/MODLAUNCHER]: Transformation services initializing
[11aug2024 15:03:17.487] [main/DEBUG] [cpw.mods.modlauncher.TransformationServiceDecorator/MODLAUNCHER]: Initializing transformation service mixin
[11aug2024 15:03:17.497] [main/DEBUG] [mixin/]: MixinService [ModLauncher] was successfully booted in cpw.mods.cl.ModuleClassLoader@548a102f
[11aug2024 15:03:17.505] [main/INFO] [mixin/]: SpongePowered MIXIN Subsystem Version=0.8.6 Source=union:/C:/Users/Veenstra/.gradle/caches/modules-2/files-2.1/net.fabricmc/sponge-mixin/0.14.0+mixin.0.8.6/c265173c84346e9e5d42a2384b2b02bd39a4a899/sponge-mixin-0.14.0+mixin.0.8.6.jar%23135!/ Service=ModLauncher Env=SERVER
[11aug2024 15:03:17.508] [main/DEBUG] [mixin/]: Initialising Mixin Platform Manager
[11aug2024 15:03:17.508] [main/DEBUG] [mixin/]: Adding mixin platform agents for container ModLauncher Root Container(ModLauncher:4f56a0a2)
[11aug2024 15:03:17.509] [main/DEBUG] [mixin/]: Instancing new MixinPlatformAgentMinecraftForge for ModLauncher Root Container(ModLauncher:4f56a0a2)
[11aug2024 15:03:17.509] [main/DEBUG] [mixin/]: MixinPlatformAgentMinecraftForge rejected container ModLauncher Root Container(ModLauncher:4f56a0a2)
[11aug2024 15:03:17.509] [main/DEBUG] [mixin/]: Instancing new MixinPlatformAgentDefault for ModLauncher Root Container(ModLauncher:4f56a0a2)
[11aug2024 15:03:17.510] [main/DEBUG] [mixin/]: MixinPlatformAgentDefault accepted container ModLauncher Root Container(ModLauncher:4f56a0a2)
[11aug2024 15:03:17.511] [main/DEBUG] [cpw.mods.modlauncher.TransformationServiceDecorator/MODLAUNCHER]: Initialized transformation service mixin
[11aug2024 15:03:17.511] [main/DEBUG] [cpw.mods.modlauncher.TransformationServiceDecorator/MODLAUNCHER]: Initializing transformation service fml
[11aug2024 15:03:17.511] [main/DEBUG] [net.neoforged.fml.loading.FMLServiceProvider/CORE]: Setting up basic FML game directories
[11aug2024 15:03:17.512] [main/DEBUG] [net.neoforged.fml.loading.FMLPaths/CORE]: Path GAMEDIR is C:\Users\Veenstra\Desktop\Oceans Delight - NeoForge - 1.21\runs\server
[11aug2024 15:03:17.512] [main/DEBUG] [net.neoforged.fml.loading.FMLPaths/CORE]: Path MODSDIR is C:\Users\Veenstra\Desktop\Oceans Delight - NeoForge - 1.21\runs\server\mods
[11aug2024 15:03:17.512] [main/DEBUG] [net.neoforged.fml.loading.FMLPaths/CORE]: Path CONFIGDIR is C:\Users\Veenstra\Desktop\Oceans Delight - NeoForge - 1.21\runs\server\config
[11aug2024 15:03:17.512] [main/DEBUG] [net.neoforged.fml.loading.FMLPaths/CORE]: Path FMLCONFIG is C:\Users\Veenstra\Desktop\Oceans Delight - NeoForge - 1.21\runs\server\config\fml.toml
[11aug2024 15:03:17.513] [main/DEBUG] [net.neoforged.fml.loading.FMLServiceProvider/CORE]: Loading configuration
[11aug2024 15:03:17.515] [main/TRACE] [net.neoforged.fml.loading.FMLConfig/CORE]: Loaded FML config from C:\Users\Veenstra\Desktop\Oceans Delight - NeoForge - 1.21\runs\server\config\fml.toml
[11aug2024 15:03:17.516] [main/TRACE] [net.neoforged.fml.loading.FMLConfig/CORE]: FMLConfig disableConfigWatcher is false
[11aug2024 15:03:17.516] [main/TRACE] [net.neoforged.fml.loading.FMLConfig/CORE]: FMLConfig earlyWindowControl is true
[11aug2024 15:03:17.516] [main/TRACE] [net.neoforged.fml.loading.FMLConfig/CORE]: FMLConfig maxThreads is 8
[11aug2024 15:03:17.516] [main/TRACE] [net.neoforged.fml.loading.FMLConfig/CORE]: FMLConfig versionCheck is true
[11aug2024 15:03:17.516] [main/TRACE] [net.neoforged.fml.loading.FMLConfig/CORE]: FMLConfig defaultConfigPath is defaultconfigs
[11aug2024 15:03:17.516] [main/TRACE] [net.neoforged.fml.loading.FMLConfig/CORE]: FMLConfig disableOptimizedDFU is true
[11aug2024 15:03:17.516] [main/TRACE] [net.neoforged.fml.loading.FMLConfig/CORE]: FMLConfig earlyWindowProvider is fmlearlywindow
[11aug2024 15:03:17.516] [main/TRACE] [net.neoforged.fml.loading.FMLConfig/CORE]: FMLConfig earlyWindowWidth is 854
[11aug2024 15:03:17.516] [main/TRACE] [net.neoforged.fml.loading.FMLConfig/CORE]: FMLConfig earlyWindowHeight is 480
[11aug2024 15:03:17.516] [main/TRACE] [net.neoforged.fml.loading.FMLConfig/CORE]: FMLConfig earlyWindowFBScale is 1
[11aug2024 15:03:17.516] [main/TRACE] [net.neoforged.fml.loading.FMLConfig/CORE]: FMLConfig earlyWindowMaximized is false
[11aug2024 15:03:17.516] [main/TRACE] [net.neoforged.fml.loading.FMLConfig/CORE]: FMLConfig earlyWindowSkipGLVersions is []
[11aug2024 15:03:17.516] [main/TRACE] [net.neoforged.fml.loading.FMLConfig/CORE]: FMLConfig earlyWindowSquir is false
[11aug2024 15:03:17.518] [main/DEBUG] [net.neoforged.fml.loading.LaunchContext/SCAN]: Located paths when launch context was created: [C:\Users\Veenstra\.gradle\caches\modules-2\files-2.1\org.apache.logging.log4j\log4j-api\2.22.1\bea6fede6328fabafd7e68363161a7ea6605abd1\log4j-api-2.22.1.jar, C:\Users\Veenstra\.gradle\caches\modules-2\files-2.1\org.lwjgl\lwjgl-jemalloc\3.3.3\426222fc027602a5f21b9c0fe79cde6a4c7a011f\lwjgl-jemalloc-3.3.3-natives-windows.jar, C:\Users\Veenstra\.gradle\caches\modules-2\files-2.1\com.google.j2objc\j2objc-annotations\2.8\c85270e307e7b822f1086b93689124b89768e273\j2objc-annotations-2.8.jar, C:\Users\Veenstra\.gradle\caches\modules-2\files-2.1\org.apache.maven\maven-artifact\3.8.5\4433f50c07debefaed0553bd0068f4f48d449313\maven-artifact-3.8.5.jar, C:\Users\Veenstra\.gradle\caches\modules-2\files-2.1\io.netty\netty-transport-native-unix-common\4.1.97.Final\d469d84265ab70095b01b40886cabdd433b6e664\netty-transport-native-unix-common-4.1.97.Final.jar, C:\Users\Veenstra\.gradle\caches\modules-2\files-2.1\org.lz4\lz4-java\1.8.0\4b986a99445e49ea5fbf5d149c4b63f6ed6c6780\lz4-java-1.8.0.jar, C:\Users\Veenstra\.gradle\caches\modules-2\files-2.1\net.neoforged\JarJarSelector\0.4.1\fb3cc7a58af22ad2880adb98af6d518128c47dae\JarJarSelector-0.4.1.jar, C:\Users\Veenstra\.gradle\caches\modules-2\files-2.1\org.codehaus.plexus\plexus-utils\3.3.0\cf43b5391de623b36fe066a21127baef82c64022\plexus-utils-3.3.0.jar, C:\Users\Veenstra\.gradle\caches\modules-2\files-2.1\org.apache.commons\commons-lang3\3.14.0\1ed471194b02f2c6cb734a0cd6f6f107c673afae\commons-lang3-3.14.0.jar, C:\Users\Veenstra\.gradle\caches\modules-2\files-2.1\com.mojang\logging\1.2.7\24cb95ffb0e3433fd6e844c04e68009e504ca1c0\logging-1.2.7.jar, C:\Users\Veenstra\.gradle\caches\modules-2\files-2.1\com.electronwill.night-config\core\3.8.0\2498dd2b3120dd49e963e2feab8fa5d0c5f80e0a\core-3.8.0.jar, C:\Users\Veenstra\.gradle\caches\modules-2\files-2.1\commons-io\commons-io\2.15.1\f11560da189ab563a5c8e351941415430e9304ea\commons-io-2.15.1.jar, C:\Users\Veenstra\.gradle\caches\modules-2\files-2.1\org.lwjgl\lwjgl\3.3.3\29589b5f87ed335a6c7e7ee6a5775f81f97ecb84\lwjgl-3.3.3.jar, C:\Users\Veenstra\.gradle\caches\modules-2\files-2.1\com.ibm.icu\icu4j\73.2\61ad4ef7f9131fcf6d25c34b817f90d6da06c9e9\icu4j-73.2.jar, C:\Users\Veenstra\.gradle\caches\modules-2\files-2.1\it.unimi.dsi\fastutil\8.5.12\c24946d46824bd528054bface3231d2ecb7e95e8\fastutil-8.5.12.jar, C:\Users\Veenstra\.gradle\caches\modules-2\files-2.1\org.lwjgl\lwjgl-glfw\3.3.3\32334f3fd5270a59bad9939a93115acb6de36dcf\lwjgl-glfw-3.3.3-natives-windows-x86.jar, C:\Users\Veenstra\.gradle\caches\modules-2\files-2.1\org.lwjgl\lwjgl-opengl\3.3.3\65e956d3735a1abdc82eff4baec1b61174697d4b\lwjgl-opengl-3.3.3-natives-windows-arm64.jar, C:\Users\Veenstra\.gradle\caches\modules-2\files-2.1\net.fabricmc\sponge-mixin\0.14.0+mixin.0.8.6\c265173c84346e9e5d42a2384b2b02bd39a4a899\sponge-mixin-0.14.0+mixin.0.8.6.jar, C:\Users\Veenstra\.gradle\caches\modules-2\files-2.1\com.google.code.findbugs\jsr305\3.0.2\25ea2e8b0c338a877313bd4672d3fe056ea78f0d\jsr305-3.0.2.jar, C:\Users\Veenstra\.gradle\caches\modules-2\files-2.1\net.java.dev.jna\jna\5.14.0\67bf3eaea4f0718cb376a181a629e5f88fa1c9dd\jna-5.14.0.jar, C:\Users\Veenstra\.gradle\caches\modules-2\files-2.1\org.antlr\antlr4-runtime\4.13.1\17125bae1d965624e265ef49552f6465a2bfa307\antlr4-runtime-4.13.1.jar, C:\Users\Veenstra\.gradle\caches\modules-2\files-2.1\com.mojang\datafixerupper\8.0.16\67d4de6d7f95d89bcf5862995fb854ebaec02a34\datafixerupper-8.0.16.jar, C:\Users\Veenstra\.gradle\caches\modules-2\files-2.1\org.apache.httpcomponents\httpclient\4.5.13\e5f6cae5ca7ecaac1ec2827a9e2d65ae2869cada\httpclient-4.5.13.jar, C:\Users\Veenstra\.gradle\caches\modules-2\files-2.1\net.java.dev.jna\jna-platform\5.14.0\28934d48aed814f11e4c584da55c49fa7032b31b\jna-platform-5.14.0.jar, C:\Users\Veenstra\.gradle\caches\modules-2\files-2.1\net.minecraftforge\srgutils\0.4.15\ca408b131759478f164e010fae0d73997e125fb5\srgutils-0.4.15.jar, C:\Users\Veenstra\.gradle\caches\modules-2\files-2.1\com.google.guava\listenablefuture\9999.0-empty-to-avoid-conflict-with-guava\b421526c5f297295adef1c886e5246c39d4ac629\listenablefuture-9999.0-empty-to-avoid-conflict-with-guava.jar, C:\Users\Veenstra\.gradle\caches\modules-2\files-2.1\io.netty\netty-resolver\4.1.97.Final\cec8348108dc76c47cf87c669d514be52c922144\netty-resolver-4.1.97.Final.jar, C:\Users\Veenstra\.gradle\caches\modules-2\files-2.1\org.openjdk.nashorn\nashorn-core\15.4\f67f5ffaa5f5130cf6fb9b133da00c7df3b532a5\nashorn-core-15.4.jar, C:\Users\Veenstra\.gradle\caches\modules-2\files-2.1\ca.weblite\java-objc-bridge\1.1\1227f9e0666314f9de41477e3ec277e542ed7f7b\java-objc-bridge-1.1.jar, C:\Users\Veenstra\.gradle\caches\modules-2\files-2.1\net.sf.jopt-simple\jopt-simple\5.0.4\4fdac2fbe92dfad86aa6e9301736f6b4342a3f5c\jopt-simple-5.0.4.jar, C:\Users\Veenstra\.gradle\caches\modules-2\files-2.1\commons-logging\commons-logging\1.2\4bfc12adfe4842bf07b657f0369c4cb522955686\commons-logging-1.2.jar, C:\Users\Veenstra\.gradle\caches\modules-2\files-2.1\com.google.guava\failureaccess\1.0.1\1dcf1de382a0bf95a3d8b0849546c88bac1292c9\failureaccess-1.0.1.jar, C:\Users\Veenstra\.gradle\caches\modules-2\files-2.1\com.machinezoo.noexception\noexception\1.7.1\b65330c98e38a1f915fa54a6e5eca496505e3f0a\noexception-1.7.1.jar, C:\Users\Veenstra\.gradle\caches\modules-2\files-2.1\org.apache.httpcomponents\httpcore\4.4.16\51cf043c87253c9f58b539c9f7e44c8894223850\httpcore-4.4.16.jar, C:\Users\Veenstra\.gradle\caches\modules-2\files-2.1\org.lwjgl\lwjgl-tinyfd\3.3.3\82d755ca94b102e9ca77283b9e2dc46d1b15fbe5\lwjgl-tinyfd-3.3.3.jar, C:\Users\Veenstra\.gradle\caches\modules-2\files-2.1\org.apache.commons\commons-compress\1.26.0\659feffdd12280201c8aacb8f7be94f9a883c824\commons-compress-1.26.0.jar, C:\Users\Veenstra\.gradle\caches\modules-2\files-2.1\com.mojang\brigadier\1.2.9\73e324f2ee541493a5179abf367237faa782ed21\brigadier-1.2.9.jar, C:\Users\Veenstra\.gradle\caches\modules-2\files-2.1\org.jetbrains\annotations\24.1.0\7af6a669488450c4a07c2c3254e2151df42d7d04\annotations-24.1.0.jar, C:\Users\Veenstra\.gradle\caches\modules-2\files-2.1\io.netty\netty-buffer\4.1.97.Final\f8f3d8644afa5e6e1a40a3a6aeb9d9aa970ecb4f\netty-buffer-4.1.97.Final.jar, C:\Users\Veenstra\.gradle\caches\modules-2\files-2.1\org.lwjgl\lwjgl-glfw\3.3.3\efa1eb78c5ccd840e9f329717109b5e892d72f8e\lwjgl-glfw-3.3.3.jar, C:\Users\Veenstra\.gradle\caches\modules-2\files-2.1\com.mojang\patchy\2.2.10\da05971b07cbb379d002cf7eaec6a2048211fefc\patchy-2.2.10.jar, C:\Users\Veenstra\.gradle\caches\modules-2\files-2.1\net.neoforged\neoform\1.21-20240613.152323\6293c1a6b9b053ea4e41ac2fe03a3342486d45b1\neoform-1.21-20240613.152323.zip, C:\Users\Veenstra\.gradle\caches\modules-2\files-2.1\io.netty\netty-common\4.1.97.Final\7cceacaf11df8dc63f23d0fb58e9d4640fc88404\netty-common-4.1.97.Final.jar, C:\Users\Veenstra\.gradle\caches\modules-2\files-2.1\com.mojang\authlib\6.0.54\de8bc95660e1b2fe8793fd427a7a10dcec5b3ea7\authlib-6.0.54.jar, C:\Users\Veenstra\.gradle\caches\modules-2\files-2.1\com.mojang\blocklist\1.0.10\5c685c5ffa94c4cd39496c7184c1d122e515ecef\blocklist-1.0.10.jar, C:\Users\Veenstra\.gradle\caches\modules-2\files-2.1\net.neoforged\bus\8.0.1\9df0ed904cec279eb33ca6df420f6f82706ebb4c\bus-8.0.1.jar, C:\Users\Veenstra\.gradle\caches\modules-2\files-2.1\com.github.oshi\oshi-core\6.4.10\b1d8ab82d11d92fd639b56d639f8f46f739dd5fa\oshi-core-6.4.10.jar, C:\Users\Veenstra\.gradle\caches\modules-2\files-2.1\org.joml\joml\1.10.5\22566d58af70ad3d72308bab63b8339906deb649\joml-1.10.5.jar, C:\Users\Veenstra\.gradle\caches\modules-2\files-2.1\org.lwjgl\lwjgl-opengl\3.3.3\2f6b0147078396a58979125a4c947664e98293a\lwjgl-opengl-3.3.3.jar, C:\Users\Veenstra\.gradle\caches\modules-2\files-2.1\net.neoforged\JarJarMetadata\0.4.1\f8da03683dc81694556dc3e177c5e3bb77ae6fcb\JarJarMetadata-0.4.1.jar, C:\Users\Veenstra\.gradle\caches\modules-2\files-2.1\org.slf4j\slf4j-api\2.0.9\7cf2726fdcfbc8610f9a71fb3ed639871f315340\slf4j-api-2.0.9.jar, C:\Users\Veenstra\.gradle\caches\modules-2\files-2.1\net.neoforged\coremods\7.0.3\9147e6f638b4272b3bd5fc8f92ad37802512c6c\coremods-7.0.3.jar, C:\Users\Veenstra\.gradle\caches\modules-2\files-2.1\io.netty\netty-handler\4.1.97.Final\abb86c6906bf512bf2b797a41cd7d2e8d3cd7c36\netty-handler-4.1.97.Final.jar, C:\Users\Veenstra\.gradle\caches\modules-2\files-2.1\cpw.mods\modlauncher\11.0.4\6619d4812a3c092310d521ebc4c9503727563df7\modlauncher-11.0.4.jar, C:\Users\Veenstra\.gradle\caches\modules-2\files-2.1\net.neoforged.fancymodloader\loader\4.0.18\c98626f590b2a2fcf58ab7f7febb287ee3118c52\loader-4.0.18.jar, C:\Users\Veenstra\.gradle\caches\modules-2\files-2.1\org.jline\jline-terminal\3.20.0\d0ddcc708ddf527a3454c941b7b9225cc83a15ff\jline-terminal-3.20.0.jar, C:\Users\Veenstra\.gradle\caches\modules-2\files-2.1\com.mojang\text2speech\1.17.9\3cad216e3a7f0c19b4b394388bc9ffc446f13b14\text2speech-1.17.9.jar, C:\Users\Veenstra\.gradle\caches\modules-2\files-2.1\net.neoforged.fancymodloader\earlydisplay\4.0.18\1d2073b0f63c07a04ecd37f61a2d77e43a898d02\earlydisplay-4.0.18.jar, C:\Users\Veenstra\.gradle\caches\modules-2\files-2.1\net.neoforged\accesstransformers\10.0.1\fd83b5725f76eae9115e9355fa1c456a6a441400\accesstransformers-10.0.1.jar, C:\Users\Veenstra\.gradle\caches\modules-2\files-2.1\org.lwjgl\lwjgl-stb\3.3.3\1d9facdf6541de114b0f963be33505b7679c78cb\lwjgl-stb-3.3.3-natives-windows.jar, C:\Users\Veenstra\.gradle\caches\modules-2\files-2.1\org.apache.logging.log4j\log4j-core\2.22.1\7183a25510a02ad00cc6a95d3b3d2a7d3c5a8dc4\log4j-core-2.22.1.jar, C:\Users\Veenstra\.gradle\caches\modules-2\files-2.1\net.neoforged\mergetool\2.0.3\1275202cbbb248f49345cf6787ce299afd9a02fb\mergetool-2.0.3-api.jar, C:\Users\Veenstra\.gradle\caches\modules-2\files-2.1\org.lwjgl\lwjgl-freetype\3.3.3\a0db6c84a8becc8ca05f9dbfa985edc348a824c7\lwjgl-freetype-3.3.3.jar, C:\Users\Veenstra\.gradle\caches\modules-2\files-2.1\commons-codec\commons-codec\1.16.0\4e3eb3d79888d76b54e28b350915b5dc3919c9de\commons-codec-1.16.0.jar, C:\Users\Veenstra\.gradle\caches\modules-2\files-2.1\org.jline\jline-reader\3.20.0\8f15415b022a25b473e8e16c28ae913186ffb9c4\jline-reader-3.20.0.jar, C:\Users\Veenstra\.gradle\caches\modules-2\files-2.1\org.lwjgl\lwjgl-stb\3.3.3\25dd6161988d7e65f71d5065c99902402ee32746\lwjgl-stb-3.3.3.jar, C:\Users\Veenstra\.gradle\caches\modules-2\files-2.1\org.lwjgl\lwjgl\3.3.3\9e670718e050aeaeea0c2d5b907cffb142f2e58f\lwjgl-3.3.3-natives-windows-x86.jar, C:\Users\Veenstra\.gradle\caches\modules-2\files-2.1\org.lwjgl\lwjgl-jemalloc\3.3.3\b543467b7ff3c6920539a88ee602d34098628be5\lwjgl-jemalloc-3.3.3.jar, C:\Users\Veenstra\.gradle\caches\modules-2\files-2.1\com.electronwill.night-config\toml\3.8.0\861dbcf2757dd6701c98b3949198549ccb5f62ff\toml-3.8.0.jar, C:\Users\Veenstra\.gradle\caches\modules-2\files-2.1\org.apache.logging.log4j\log4j-slf4j2-impl\2.22.1\d7e6693c2606cb7e7335047d7bb96dec52db5665\log4j-slf4j2-impl-2.22.1.jar, C:\Users\Veenstra\.gradle\caches\modules-2\files-2.1\io.netty\netty-transport-classes-epoll\4.1.97.Final\795da37ded759e862457a82d9d92c4d39ce8ecee\netty-transport-classes-epoll-4.1.97.Final.jar, C:\Users\Veenstra\Desktop\Oceans Delight - NeoForge - 1.21\.gradle\repositories\ng_dummy_ng\net\minecraft\client\1.21\client-1.21-client-extra.jar, C:\Users\Veenstra\.gradle\caches\modules-2\files-2.1\io.netty\netty-codec\4.1.97.Final\384ba4d75670befbedb45c4d3b497a93639c206d\netty-codec-4.1.97.Final.jar, C:\Users\Veenstra\.gradle\caches\modules-2\files-2.1\org.checkerframework\checker-qual\3.33.0\de2b60b62da487644fc11f734e73c8b0b431238f\checker-qual-3.33.0.jar, C:\Users\Veenstra\.gradle\caches\modules-2\files-2.1\org.lwjgl\lwjgl-freetype\3.3.3\15a8c1de7f51d07a92eae7ce1222557073a0c0c3\lwjgl-freetype-3.3.3-natives-windows-x86.jar, C:\Users\Veenstra\.gradle\caches\modules-2\files-2.1\org.jcraft\jorbis\0.0.17\8872d22b293e8f5d7d56ff92be966e6dc28ebdc6\jorbis-0.0.17.jar, C:\Users\Veenstra\.gradle\caches\modules-2\files-2.1\org.lwjgl\lwjgl-openal\3.3.3\daada81ceb5fc0c291fbfdd4433cb8d9423577f2\lwjgl-openal-3.3.3.jar, C:\Users\Veenstra\.gradle\caches\modules-2\files-2.1\com.google.guava\guava\32.1.2-jre\5e64ec7e056456bef3a4bc4c6fdaef71e8ab6318\guava-32.1.2-jre.jar, C:\Users\Veenstra\.gradle\caches\modules-2\files-2.1\io.netty\netty-transport\4.1.97.Final\f37380d23c9bb079bc702910833b2fd532c9abd0\netty-transport-4.1.97.Final.jar, C:\Users\Veenstra\.gradle\caches\modules-2\files-2.1\com.google.errorprone\error_prone_annotations\2.18.0\89b684257096f548fa39a7df9fdaa409d4d4df91\error_prone_annotations-2.18.0.jar, C:\Users\Veenstra\.gradle\caches\modules-2\files-2.1\org.lwjgl\lwjgl-openal\3.3.3\87b8d5050e3adb46bb58fe1cb2669a4a48fce10d\lwjgl-openal-3.3.3-natives-windows-x86.jar, C:\Users\Veenstra\.gradle\caches\modules-2\files-2.1\net.neoforged.accesstransformers\at-modlauncher\10.0.1\5aba50202aceead086bc09fbc2751c9f05cb4890\at-modlauncher-10.0.1.jar, C:\Users\Veenstra\.gradle\caches\modules-2\files-2.1\com.google.code.gson\gson\2.10.1\b3add478d4382b78ea20b1671390a858002feb6c\gson-2.10.1.jar, C:\Users\Veenstra\.gradle\caches\modules-2\files-2.1\net.jodah\typetools\0.6.3\a01aaa6ddaea9ec07ec4f209487b7a46a526283a\typetools-0.6.3.jar, C:\Users\Veenstra\.gradle\caches\modules-2\files-2.1\org.lwjgl\lwjgl-tinyfd\3.3.3\a6697981b0449a5087c1d546fc08b4f73e8f98c9\lwjgl-tinyfd-3.3.3-natives-windows.jar, C:\Users\Veenstra\.gradle\caches\modules-2\files-2.1\net.minecrell\terminalconsoleappender\1.3.0\b562e9bb61235c9520e26282cdee71f8f802d1fc\terminalconsoleappender-1.3.0.jar]
[11aug2024 15:03:17.519] [main/DEBUG] [net.neoforged.fml.loading.FMLServiceProvider/CORE]: Preparing launch handler
[11aug2024 15:03:17.519] [main/DEBUG] [net.neoforged.fml.loading.FMLLoader/CORE]: Using forgeserveruserdev as launch service
[11aug2024 15:03:17.520] [main/DEBUG] [net.neoforged.fml.common.asm.RuntimeDistCleaner/DISTXFORM]: Configuring for Dist DEDICATED_SERVER
[11aug2024 15:03:17.521] [main/DEBUG] [cpw.mods.modlauncher.TransformationServiceDecorator/MODLAUNCHER]: Initialized transformation service fml
[11aug2024 15:03:17.522] [main/DEBUG] [cpw.mods.modlauncher.TransformationServicesHandler/MODLAUNCHER]: Transformation services begin scanning
[11aug2024 15:03:17.522] [main/DEBUG] [cpw.mods.modlauncher.TransformationServiceDecorator/MODLAUNCHER]: Beginning scan trigger - transformation service mixin
[11aug2024 15:03:17.522] [main/DEBUG] [cpw.mods.modlauncher.TransformationServiceDecorator/MODLAUNCHER]: End scan trigger - transformation service mixin
[11aug2024 15:03:17.522] [main/DEBUG] [cpw.mods.modlauncher.TransformationServiceDecorator/MODLAUNCHER]: Beginning scan trigger - transformation service fml
[11aug2024 15:03:17.522] [main/DEBUG] [net.neoforged.fml.loading.FMLServiceProvider/CORE]: Initiating mod scan
[11aug2024 15:03:17.524] [main/DEBUG] [net.neoforged.fml.loading.targets.CommonLaunchHandler/CORE]: Got mod coordinates Oceans Delight - NeoForge - 1.21%%C:\Users\Veenstra\Desktop\Oceans Delight - NeoForge - 1.21\build\resources\main;Oceans Delight - NeoForge - 1.21%%C:\Users\Veenstra\Desktop\Oceans Delight - NeoForge - 1.21\build\classes\java\main from env
[11aug2024 15:03:17.524] [main/DEBUG] [net.neoforged.fml.loading.targets.CommonLaunchHandler/CORE]: Found supplied mod coordinates [{Oceans Delight - NeoForge - 1.21=[C:\Users\Veenstra\Desktop\Oceans Delight - NeoForge - 1.21\build\resources\main, C:\Users\Veenstra\Desktop\Oceans Delight - NeoForge - 1.21\build\classes\java\main]}]
[11aug2024 15:03:17.534] [main/DEBUG] [net.neoforged.fml.util.ServiceLoaderUtil/CORE]: Found 4 implementations of IModFileCandidateLocator:
[11aug2024 15:03:17.535] [main/DEBUG] [net.neoforged.fml.util.ServiceLoaderUtil/CORE]: 	       0 - [built-in] net.neoforged.fml.loading.moddiscovery.locators.NeoForgeDevProvider from loader-4.0.18.jar
[11aug2024 15:03:17.535] [main/DEBUG] [net.neoforged.fml.util.ServiceLoaderUtil/CORE]: 	       0 - net.neoforged.fml.loading.moddiscovery.locators.ModsFolderLocator from loader-4.0.18.jar
[11aug2024 15:03:17.535] [main/DEBUG] [net.neoforged.fml.util.ServiceLoaderUtil/CORE]: 	       0 - net.neoforged.fml.loading.moddiscovery.locators.MavenDirectoryLocator from loader-4.0.18.jar
[11aug2024 15:03:17.535] [main/DEBUG] [net.neoforged.fml.util.ServiceLoaderUtil/CORE]: 	   -1000 - [built-in] net.neoforged.fml.loading.moddiscovery.locators.UserdevLocator from loader-4.0.18.jar
[11aug2024 15:03:17.537] [main/DEBUG] [net.neoforged.fml.util.ServiceLoaderUtil/CORE]: Found 2 implementations of IModFileReader:
[11aug2024 15:03:17.538] [main/DEBUG] [net.neoforged.fml.util.ServiceLoaderUtil/CORE]: 	       0 - net.neoforged.fml.loading.moddiscovery.readers.JarModsDotTomlModFileReader from loader-4.0.18.jar
[11aug2024 15:03:17.538] [main/DEBUG] [net.neoforged.fml.util.ServiceLoaderUtil/CORE]: 	   -1000 - net.neoforged.fml.loading.moddiscovery.readers.NestedLibraryModReader from loader-4.0.18.jar
[11aug2024 15:03:17.538] [main/DEBUG] [net.neoforged.fml.util.ServiceLoaderUtil/CORE]: Found 1 implementations of IDependencyLocator:
[11aug2024 15:03:17.539] [main/DEBUG] [net.neoforged.fml.util.ServiceLoaderUtil/CORE]: 	net.neoforged.fml.loading.moddiscovery.locators.JarInJarDependencyLocator from loader-4.0.18.jar
[11aug2024 15:03:17.539] [main/DEBUG] [net.neoforged.fml.loading.moddiscovery.ModDiscoverer/SCAN]: Scanning for mods and other resources to load. We know 4 ways to find mods
[11aug2024 15:03:17.539] [main/DEBUG] [net.neoforged.fml.loading.moddiscovery.ModDiscoverer/SCAN]: Trying locator neoforge devenv provider ([C:\Users\Veenstra\Desktop\Oceans Delight - NeoForge - 1.21\.gradle\repositories\ng_dummy_ng\net\neoforged\neoforge\21.0.114-beta\neoforge-21.0.114-beta.jar])
[11aug2024 15:03:17.698] [main/DEBUG] [net.neoforged.fml.loading.moddiscovery.ModFileInfo/LOADING]: Found valid mod file neoforge-21.0.114-beta.jar with {minecraft} mods - versions {1.21}
[11aug2024 15:03:17.698] [main/INFO] [net.neoforged.fml.loading.moddiscovery.ModDiscoverer/SCAN]: Found mod file "neoforge-21.0.114-beta.jar" [locator: neoforge devenv provider ([C:\Users\Veenstra\Desktop\Oceans Delight - NeoForge - 1.21\.gradle\repositories\ng_dummy_ng\net\neoforged\neoforge\21.0.114-beta\neoforge-21.0.114-beta.jar])]
[11aug2024 15:03:17.706] [main/DEBUG] [net.neoforged.fml.loading.moddiscovery.readers.JarModsDotTomlModFileReader/SCAN]: Found META-INF/neoforge.mods.toml mod of type null: C:\Users\Veenstra\Desktop\Oceans Delight - NeoForge - 1.21\.gradle\repositories\ng_dummy_ng\net\neoforged\neoforge\21.0.114-beta\neoforge-21.0.114-beta.jar
[11aug2024 15:03:17.707] [main/DEBUG] [net.neoforged.fml.loading.moddiscovery.ModFileParser/LOADING]: Considering mod file candidate C:\Users\Veenstra\Desktop\Oceans Delight - NeoForge - 1.21\.gradle\repositories\ng_dummy_ng\net\neoforged\neoforge\21.0.114-beta\neoforge-21.0.114-beta.jar
[11aug2024 15:03:17.716] [main/DEBUG] [net.neoforged.fml.loading.moddiscovery.ModFileInfo/LOADING]: Found valid mod file neoforge-21.0.114-beta.jar with {neoforge} mods - versions {21.0.114-beta}
[11aug2024 15:03:17.717] [main/INFO] [net.neoforged.fml.loading.moddiscovery.ModDiscoverer/SCAN]: Found mod file "neoforge-21.0.114-beta.jar" [locator: neoforge devenv provider ([C:\Users\Veenstra\Desktop\Oceans Delight - NeoForge - 1.21\.gradle\repositories\ng_dummy_ng\net\neoforged\neoforge\21.0.114-beta\neoforge-21.0.114-beta.jar])]
[11aug2024 15:03:17.717] [main/DEBUG] [net.neoforged.fml.loading.moddiscovery.ModDiscoverer/SCAN]: Locator neoforge devenv provider ([C:\Users\Veenstra\Desktop\Oceans Delight - NeoForge - 1.21\.gradle\repositories\ng_dummy_ng\net\neoforged\neoforge\21.0.114-beta\neoforge-21.0.114-beta.jar]) found 2 mods, 0 warnings, 0 errors and skipped 0 candidates
[11aug2024 15:03:17.717] [main/DEBUG] [net.neoforged.fml.loading.moddiscovery.ModDiscoverer/SCAN]: Trying locator {mods folder locator at C:\Users\Veenstra\Desktop\Oceans Delight - NeoForge - 1.21\runs\server\mods}
[11aug2024 15:03:17.717] [main/DEBUG] [net.neoforged.fml.loading.moddiscovery.locators.ModsFolderLocator/SCAN]: Scanning mods dir C:\Users\Veenstra\Desktop\Oceans Delight - NeoForge - 1.21\runs\server\mods for mods
[11aug2024 15:03:17.719] [main/DEBUG] [net.neoforged.fml.loading.moddiscovery.ModDiscoverer/SCAN]: Locator {mods folder locator at C:\Users\Veenstra\Desktop\Oceans Delight - NeoForge - 1.21\runs\server\mods} found 0 mods, 0 warnings, 0 errors and skipped 0 candidates
[11aug2024 15:03:17.719] [main/DEBUG] [net.neoforged.fml.loading.moddiscovery.ModDiscoverer/SCAN]: Trying locator maven libs
[11aug2024 15:03:17.722] [main/DEBUG] [net.neoforged.fml.loading.moddiscovery.ModListHandler/CORE]: Found mod coordinates from lists: []
[11aug2024 15:03:17.722] [main/DEBUG] [net.neoforged.fml.loading.moddiscovery.ModDiscoverer/SCAN]: Locator maven libs found 0 mods, 0 warnings, 0 errors and skipped 0 candidates
[11aug2024 15:03:17.723] [main/DEBUG] [net.neoforged.fml.loading.moddiscovery.ModDiscoverer/SCAN]: Trying locator userdev mods and services
[11aug2024 15:03:17.726] [main/DEBUG] [net.neoforged.fml.loading.moddiscovery.readers.JarModsDotTomlModFileReader/SCAN]: Found META-INF/neoforge.mods.toml mod of type null: C:\Users\Veenstra\Desktop\Oceans Delight - NeoForge - 1.21\build\resources\main
[11aug2024 15:03:17.726] [main/DEBUG] [net.neoforged.fml.loading.moddiscovery.ModFileParser/LOADING]: Considering mod file candidate C:\Users\Veenstra\Desktop\Oceans Delight - NeoForge - 1.21\build\resources\main
[11aug2024 15:03:17.734] [main/DEBUG] [net.neoforged.fml.loading.moddiscovery.ModFileInfo/LOADING]: Found valid mod file main with {oceansdelight} mods - versions {1.0.3}
[11aug2024 15:03:17.734] [main/INFO] [net.neoforged.fml.loading.moddiscovery.ModDiscoverer/SCAN]: Found mod file "main" [locator: userdev mods and services, reader: mod manifest]
[11aug2024 15:03:17.745] [main/DEBUG] [net.neoforged.fml.loading.moddiscovery.readers.JarModsDotTomlModFileReader/SCAN]: Found META-INF/neoforge.mods.toml mod of type null: C:\Users\Veenstra\Desktop\Oceans Delight - NeoForge - 1.21\.gradle\repositories\ng_dummy_ng\net\neoforged\neoforge\21.0.114-beta\neoforge-21.0.114-beta.jar
[11aug2024 15:03:17.745] [main/DEBUG] [net.neoforged.fml.loading.moddiscovery.ModFileParser/LOADING]: Considering mod file candidate C:\Users\Veenstra\Desktop\Oceans Delight - NeoForge - 1.21\.gradle\repositories\ng_dummy_ng\net\neoforged\neoforge\21.0.114-beta\neoforge-21.0.114-beta.jar
[11aug2024 15:03:17.746] [main/DEBUG] [net.neoforged.fml.loading.moddiscovery.ModFileInfo/LOADING]: Found valid mod file neoforge-21.0.114-beta.jar with {neoforge} mods - versions {21.0.114-beta}
[11aug2024 15:03:17.746] [main/INFO] [net.neoforged.fml.loading.moddiscovery.ModDiscoverer/SCAN]: Found mod file "neoforge-21.0.114-beta.jar" [locator: userdev mods and services, reader: mod manifest]
[11aug2024 15:03:17.750] [main/DEBUG] [net.neoforged.fml.loading.moddiscovery.readers.JarModsDotTomlModFileReader/SCAN]: Found META-INF/neoforge.mods.toml mod of type null: C:\Users\Veenstra\.gradle\caches\modules-2\files-2.1\curse.maven\farmersdelight-398521\5566383\80c2e58cd01fc911104066bdbc1ef241ffdcda73\farmersdelight-398521-5566383.jar
[11aug2024 15:03:17.750] [main/DEBUG] [net.neoforged.fml.loading.moddiscovery.ModFileParser/LOADING]: Considering mod file candidate C:\Users\Veenstra\.gradle\caches\modules-2\files-2.1\curse.maven\farmersdelight-398521\5566383\80c2e58cd01fc911104066bdbc1ef241ffdcda73\farmersdelight-398521-5566383.jar
[11aug2024 15:03:17.752] [main/DEBUG] [net.neoforged.fml.loading.moddiscovery.ModFileInfo/LOADING]: Found valid mod file farmersdelight-398521-5566383.jar with {farmersdelight} mods - versions {1.2.4}
[11aug2024 15:03:17.752] [main/INFO] [net.neoforged.fml.loading.moddiscovery.ModDiscoverer/SCAN]: Found mod file "farmersdelight-398521-5566383.jar" [locator: userdev mods and services, reader: mod manifest]
[11aug2024 15:03:17.756] [main/DEBUG] [net.neoforged.fml.loading.moddiscovery.readers.JarModsDotTomlModFileReader/SCAN]: Found META-INF/neoforge.mods.toml mod of type null: C:\Users\Veenstra\.gradle\caches\modules-2\files-2.1\mezz.jei\jei-1.21-neoforge\19.5.0.31\77ba533084839d7447d1dcbc1bf4715928646d5a\jei-1.21-neoforge-19.5.0.31.jar
[11aug2024 15:03:17.756] [main/DEBUG] [net.neoforged.fml.loading.moddiscovery.ModFileParser/LOADING]: Considering mod file candidate C:\Users\Veenstra\.gradle\caches\modules-2\files-2.1\mezz.jei\jei-1.21-neoforge\19.5.0.31\77ba533084839d7447d1dcbc1bf4715928646d5a\jei-1.21-neoforge-19.5.0.31.jar
[11aug2024 15:03:17.758] [main/DEBUG] [net.neoforged.fml.loading.moddiscovery.ModFileInfo/LOADING]: Found valid mod file jei-1.21-neoforge-19.5.0.31.jar with {jei} mods - versions {19.5.0.31}
[11aug2024 15:03:17.758] [main/INFO] [net.neoforged.fml.loading.moddiscovery.ModDiscoverer/SCAN]: Found mod file "jei-1.21-neoforge-19.5.0.31.jar" [locator: userdev mods and services, reader: mod manifest]
[11aug2024 15:03:17.777] [main/DEBUG] [net.neoforged.fml.loading.moddiscovery.ModDiscoverer/]: Skipping C:\Users\Veenstra\.gradle\caches\modules-2\files-2.1\net.neoforged.fancymodloader\earlydisplay\4.0.18\1d2073b0f63c07a04ecd37f61a2d77e43a898d02\earlydisplay-4.0.18.jar because it was already located earlier
[11aug2024 15:03:17.778] [main/DEBUG] [net.neoforged.fml.loading.moddiscovery.ModDiscoverer/]: Skipping C:\Users\Veenstra\.gradle\caches\modules-2\files-2.1\net.neoforged.fancymodloader\loader\4.0.18\c98626f590b2a2fcf58ab7f7febb287ee3118c52\loader-4.0.18.jar because it was already located earlier
[11aug2024 15:03:17.778] [main/DEBUG] [net.neoforged.fml.loading.moddiscovery.ModDiscoverer/]: Skipping C:\Users\Veenstra\.gradle\caches\modules-2\files-2.1\net.neoforged\coremods\7.0.3\9147e6f638b4272b3bd5fc8f92ad37802512c6c\coremods-7.0.3.jar because it was already located earlier
[11aug2024 15:03:17.778] [main/DEBUG] [net.neoforged.fml.loading.moddiscovery.ModDiscoverer/]: Skipping C:\Users\Veenstra\.gradle\caches\modules-2\files-2.1\cpw.mods\modlauncher\11.0.4\6619d4812a3c092310d521ebc4c9503727563df7\modlauncher-11.0.4.jar because it was already located earlier
[11aug2024 15:03:17.778] [main/DEBUG] [net.neoforged.fml.loading.moddiscovery.ModDiscoverer/]: Skipping C:\Users\Veenstra\.gradle\caches\modules-2\files-2.1\net.neoforged.accesstransformers\at-modlauncher\10.0.1\5aba50202aceead086bc09fbc2751c9f05cb4890\at-modlauncher-10.0.1.jar because it was already located earlier
[11aug2024 15:03:17.778] [main/DEBUG] [net.neoforged.fml.loading.moddiscovery.ModDiscoverer/]: Skipping C:\Users\Veenstra\.gradle\caches\modules-2\files-2.1\net.neoforged\accesstransformers\10.0.1\fd83b5725f76eae9115e9355fa1c456a6a441400\accesstransformers-10.0.1.jar because it was already located earlier
[11aug2024 15:03:17.778] [main/DEBUG] [net.neoforged.fml.loading.moddiscovery.ModDiscoverer/]: Skipping C:\Users\Veenstra\.gradle\caches\modules-2\files-2.1\org.openjdk.nashorn\nashorn-core\15.4\f67f5ffaa5f5130cf6fb9b133da00c7df3b532a5\nashorn-core-15.4.jar because it was already located earlier
[11aug2024 15:03:17.778] [main/DEBUG] [net.neoforged.fml.loading.moddiscovery.ModDiscoverer/]: Skipping C:\Users\Veenstra\.gradle\caches\modules-2\files-2.1\net.neoforged\mergetool\2.0.3\1275202cbbb248f49345cf6787ce299afd9a02fb\mergetool-2.0.3-api.jar because it was already located earlier
[11aug2024 15:03:17.778] [main/DEBUG] [net.neoforged.fml.loading.moddiscovery.ModDiscoverer/]: Skipping C:\Users\Veenstra\.gradle\caches\modules-2\files-2.1\net.neoforged\bus\8.0.1\9df0ed904cec279eb33ca6df420f6f82706ebb4c\bus-8.0.1.jar because it was already located earlier
[11aug2024 15:03:17.778] [main/DEBUG] [net.neoforged.fml.loading.moddiscovery.ModDiscoverer/]: Skipping C:\Users\Veenstra\.gradle\caches\modules-2\files-2.1\com.electronwill.night-config\toml\3.8.0\861dbcf2757dd6701c98b3949198549ccb5f62ff\toml-3.8.0.jar because it was already located earlier
[11aug2024 15:03:17.778] [main/DEBUG] [net.neoforged.fml.loading.moddiscovery.ModDiscoverer/]: Skipping C:\Users\Veenstra\.gradle\caches\modules-2\files-2.1\com.electronwill.night-config\core\3.8.0\2498dd2b3120dd49e963e2feab8fa5d0c5f80e0a\core-3.8.0.jar because it was already located earlier
[11aug2024 15:03:17.778] [main/DEBUG] [net.neoforged.fml.loading.moddiscovery.ModDiscoverer/]: Skipping C:\Users\Veenstra\.gradle\caches\modules-2\files-2.1\net.neoforged\JarJarSelector\0.4.1\fb3cc7a58af22ad2880adb98af6d518128c47dae\JarJarSelector-0.4.1.jar because it was already located earlier
[11aug2024 15:03:17.778] [main/DEBUG] [net.neoforged.fml.loading.moddiscovery.ModDiscoverer/]: Skipping C:\Users\Veenstra\.gradle\caches\modules-2\files-2.1\net.neoforged\JarJarMetadata\0.4.1\f8da03683dc81694556dc3e177c5e3bb77ae6fcb\JarJarMetadata-0.4.1.jar because it was already located earlier
[11aug2024 15:03:17.779] [main/DEBUG] [net.neoforged.fml.loading.moddiscovery.ModDiscoverer/]: Skipping C:\Users\Veenstra\.gradle\caches\modules-2\files-2.1\org.apache.maven\maven-artifact\3.8.5\4433f50c07debefaed0553bd0068f4f48d449313\maven-artifact-3.8.5.jar because it was already located earlier
[11aug2024 15:03:17.779] [main/DEBUG] [net.neoforged.fml.loading.moddiscovery.ModDiscoverer/]: Skipping C:\Users\Veenstra\.gradle\caches\modules-2\files-2.1\net.jodah\typetools\0.6.3\a01aaa6ddaea9ec07ec4f209487b7a46a526283a\typetools-0.6.3.jar because it was already located earlier
[11aug2024 15:03:17.779] [main/DEBUG] [net.neoforged.fml.loading.moddiscovery.ModDiscoverer/]: Skipping C:\Users\Veenstra\.gradle\caches\modules-2\files-2.1\net.minecrell\terminalconsoleappender\1.3.0\b562e9bb61235c9520e26282cdee71f8f802d1fc\terminalconsoleappender-1.3.0.jar because it was already located earlier
[11aug2024 15:03:17.779] [main/DEBUG] [net.neoforged.fml.loading.moddiscovery.ModDiscoverer/]: Skipping C:\Users\Veenstra\.gradle\caches\modules-2\files-2.1\net.fabricmc\sponge-mixin\0.14.0+mixin.0.8.6\c265173c84346e9e5d42a2384b2b02bd39a4a899\sponge-mixin-0.14.0+mixin.0.8.6.jar because it was already located earlier
[11aug2024 15:03:17.779] [main/DEBUG] [net.neoforged.fml.loading.moddiscovery.ModDiscoverer/]: Skipping C:\Users\Veenstra\.gradle\caches\modules-2\files-2.1\com.mojang\authlib\6.0.54\de8bc95660e1b2fe8793fd427a7a10dcec5b3ea7\authlib-6.0.54.jar because it was already located earlier
[11aug2024 15:03:17.779] [main/DEBUG] [net.neoforged.fml.loading.moddiscovery.ModDiscoverer/]: Skipping C:\Users\Veenstra\.gradle\caches\modules-2\files-2.1\org.apache.commons\commons-compress\1.26.0\659feffdd12280201c8aacb8f7be94f9a883c824\commons-compress-1.26.0.jar because it was already located earlier
[11aug2024 15:03:17.779] [main/DEBUG] [net.neoforged.fml.loading.moddiscovery.ModDiscoverer/]: Skipping C:\Users\Veenstra\.gradle\caches\modules-2\files-2.1\org.apache.commons\commons-lang3\3.14.0\1ed471194b02f2c6cb734a0cd6f6f107c673afae\commons-lang3-3.14.0.jar because it was already located earlier
[11aug2024 15:03:17.779] [main/DEBUG] [net.neoforged.fml.loading.moddiscovery.ModDiscoverer/]: Skipping C:\Users\Veenstra\.gradle\caches\modules-2\files-2.1\com.mojang\logging\1.2.7\24cb95ffb0e3433fd6e844c04e68009e504ca1c0\logging-1.2.7.jar because it was already located earlier
[11aug2024 15:03:17.779] [main/DEBUG] [net.neoforged.fml.loading.moddiscovery.ModDiscoverer/]: Skipping C:\Users\Veenstra\.gradle\caches\modules-2\files-2.1\org.apache.logging.log4j\log4j-slf4j2-impl\2.22.1\d7e6693c2606cb7e7335047d7bb96dec52db5665\log4j-slf4j2-impl-2.22.1.jar because it was already located earlier
[11aug2024 15:03:17.779] [main/DEBUG] [net.neoforged.fml.loading.moddiscovery.ModDiscoverer/]: Skipping C:\Users\Veenstra\.gradle\caches\modules-2\files-2.1\org.apache.logging.log4j\log4j-core\2.22.1\7183a25510a02ad00cc6a95d3b3d2a7d3c5a8dc4\log4j-core-2.22.1.jar because it was already located earlier
[11aug2024 15:03:17.779] [main/DEBUG] [net.neoforged.fml.loading.moddiscovery.ModDiscoverer/]: Skipping C:\Users\Veenstra\.gradle\caches\modules-2\files-2.1\org.apache.logging.log4j\log4j-api\2.22.1\bea6fede6328fabafd7e68363161a7ea6605abd1\log4j-api-2.22.1.jar because it was already located earlier
[11aug2024 15:03:17.782] [main/DEBUG] [net.neoforged.fml.loading.moddiscovery.readers.JarModsDotTomlModFileReader/SCAN]: Found META-INF/MANIFEST.MF mod of type GAMELIBRARY: C:\Users\Veenstra\.gradle\caches\modules-2\files-2.1\io.github.llamalad7\mixinextras-neoforge\0.3.5\ef3ffcf309dae656517b2f120189b1c9b21737dd\mixinextras-neoforge-0.3.5.jar
[11aug2024 15:03:17.784] [main/INFO] [net.neoforged.fml.loading.moddiscovery.ModDiscoverer/SCAN]: Found gamelibrary file "mixinextras-neoforge-0.3.5.jar" [locator: userdev mods and services, reader: mod manifest]
[11aug2024 15:03:17.784] [main/DEBUG] [net.neoforged.fml.loading.moddiscovery.ModDiscoverer/]: Skipping C:\Users\Veenstra\.gradle\caches\modules-2\files-2.1\com.github.oshi\oshi-core\6.4.10\b1d8ab82d11d92fd639b56d639f8f46f739dd5fa\oshi-core-6.4.10.jar because it was already located earlier
[11aug2024 15:03:17.784] [main/DEBUG] [net.neoforged.fml.loading.moddiscovery.ModDiscoverer/]: Skipping C:\Users\Veenstra\.gradle\caches\modules-2\files-2.1\com.mojang\datafixerupper\8.0.16\67d4de6d7f95d89bcf5862995fb854ebaec02a34\datafixerupper-8.0.16.jar because it was already located earlier
[11aug2024 15:03:17.784] [main/DEBUG] [net.neoforged.fml.loading.moddiscovery.ModDiscoverer/]: Skipping C:\Users\Veenstra\.gradle\caches\modules-2\files-2.1\com.mojang\text2speech\1.17.9\3cad216e3a7f0c19b4b394388bc9ffc446f13b14\text2speech-1.17.9.jar because it was already located earlier
[11aug2024 15:03:17.784] [main/DEBUG] [net.neoforged.fml.loading.moddiscovery.ModDiscoverer/]: Skipping C:\Users\Veenstra\.gradle\caches\modules-2\files-2.1\org.slf4j\slf4j-api\2.0.9\7cf2726fdcfbc8610f9a71fb3ed639871f315340\slf4j-api-2.0.9.jar because it was already located earlier
[11aug2024 15:03:17.784] [main/DEBUG] [net.neoforged.fml.loading.moddiscovery.ModDiscoverer/]: Skipping C:\Users\Veenstra\.gradle\caches\modules-2\files-2.1\com.google.code.gson\gson\2.10.1\b3add478d4382b78ea20b1671390a858002feb6c\gson-2.10.1.jar because it was already located earlier
[11aug2024 15:03:17.784] [main/DEBUG] [net.neoforged.fml.loading.moddiscovery.ModDiscoverer/]: Skipping C:\Users\Veenstra\.gradle\caches\modules-2\files-2.1\com.mojang\patchy\2.2.10\da05971b07cbb379d002cf7eaec6a2048211fefc\patchy-2.2.10.jar because it was already located earlier
[11aug2024 15:03:17.784] [main/DEBUG] [net.neoforged.fml.loading.moddiscovery.ModDiscoverer/]: Skipping C:\Users\Veenstra\.gradle\caches\modules-2\files-2.1\com.google.guava\guava\32.1.2-jre\5e64ec7e056456bef3a4bc4c6fdaef71e8ab6318\guava-32.1.2-jre.jar because it was already located earlier
[11aug2024 15:03:17.784] [main/DEBUG] [net.neoforged.fml.loading.moddiscovery.ModDiscoverer/]: Skipping C:\Users\Veenstra\.gradle\caches\modules-2\files-2.1\com.google.guava\failureaccess\1.0.1\1dcf1de382a0bf95a3d8b0849546c88bac1292c9\failureaccess-1.0.1.jar because it was already located earlier
[11aug2024 15:03:17.785] [main/DEBUG] [net.neoforged.fml.loading.moddiscovery.ModDiscoverer/]: Skipping C:\Users\Veenstra\.gradle\caches\modules-2\files-2.1\com.google.guava\listenablefuture\9999.0-empty-to-avoid-conflict-with-guava\b421526c5f297295adef1c886e5246c39d4ac629\listenablefuture-9999.0-empty-to-avoid-conflict-with-guava.jar because it was already located earlier
[11aug2024 15:03:17.785] [main/DEBUG] [net.neoforged.fml.loading.moddiscovery.ModDiscoverer/]: Skipping C:\Users\Veenstra\.gradle\caches\modules-2\files-2.1\com.google.code.findbugs\jsr305\3.0.2\25ea2e8b0c338a877313bd4672d3fe056ea78f0d\jsr305-3.0.2.jar because it was already located earlier
[11aug2024 15:03:17.785] [main/DEBUG] [net.neoforged.fml.loading.moddiscovery.ModDiscoverer/]: Skipping C:\Users\Veenstra\.gradle\caches\modules-2\files-2.1\org.checkerframework\checker-qual\3.33.0\de2b60b62da487644fc11f734e73c8b0b431238f\checker-qual-3.33.0.jar because it was already located earlier
[11aug2024 15:03:17.785] [main/DEBUG] [net.neoforged.fml.loading.moddiscovery.ModDiscoverer/]: Skipping C:\Users\Veenstra\.gradle\caches\modules-2\files-2.1\com.google.errorprone\error_prone_annotations\2.18.0\89b684257096f548fa39a7df9fdaa409d4d4df91\error_prone_annotations-2.18.0.jar because it was already located earlier
[11aug2024 15:03:17.785] [main/DEBUG] [net.neoforged.fml.loading.moddiscovery.ModDiscoverer/]: Skipping C:\Users\Veenstra\.gradle\caches\modules-2\files-2.1\com.google.j2objc\j2objc-annotations\2.8\c85270e307e7b822f1086b93689124b89768e273\j2objc-annotations-2.8.jar because it was already located earlier
[11aug2024 15:03:17.785] [main/DEBUG] [net.neoforged.fml.loading.moddiscovery.ModDiscoverer/]: Skipping C:\Users\Veenstra\.gradle\caches\modules-2\files-2.1\commons-io\commons-io\2.15.1\f11560da189ab563a5c8e351941415430e9304ea\commons-io-2.15.1.jar because it was already located earlier
[11aug2024 15:03:17.785] [main/DEBUG] [net.neoforged.fml.loading.moddiscovery.ModDiscoverer/]: Skipping C:\Users\Veenstra\.gradle\caches\modules-2\files-2.1\net.sf.jopt-simple\jopt-simple\5.0.4\4fdac2fbe92dfad86aa6e9301736f6b4342a3f5c\jopt-simple-5.0.4.jar because it was already located earlier
[11aug2024 15:03:17.785] [main/DEBUG] [net.neoforged.fml.loading.moddiscovery.ModDiscoverer/]: Skipping C:\Users\Veenstra\.gradle\caches\modules-2\files-2.1\net.minecraftforge\srgutils\0.4.15\ca408b131759478f164e010fae0d73997e125fb5\srgutils-0.4.15.jar because it was already located earlier
[11aug2024 15:03:17.785] [main/DEBUG] [net.neoforged.fml.loading.moddiscovery.ModDiscoverer/]: Skipping C:\Users\Veenstra\.gradle\caches\modules-2\files-2.1\org.antlr\antlr4-runtime\4.13.1\17125bae1d965624e265ef49552f6465a2bfa307\antlr4-runtime-4.13.1.jar because it was already located earlier
[11aug2024 15:03:17.785] [main/DEBUG] [net.neoforged.fml.loading.moddiscovery.ModDiscoverer/]: Skipping C:\Users\Veenstra\.gradle\caches\modules-2\files-2.1\org.jline\jline-reader\3.20.0\8f15415b022a25b473e8e16c28ae913186ffb9c4\jline-reader-3.20.0.jar because it was already located earlier
[11aug2024 15:03:17.785] [main/DEBUG] [net.neoforged.fml.loading.moddiscovery.ModDiscoverer/]: Skipping C:\Users\Veenstra\.gradle\caches\modules-2\files-2.1\org.jline\jline-terminal\3.20.0\d0ddcc708ddf527a3454c941b7b9225cc83a15ff\jline-terminal-3.20.0.jar because it was already located earlier
[11aug2024 15:03:17.785] [main/DEBUG] [net.neoforged.fml.loading.moddiscovery.ModDiscoverer/]: Skipping C:\Users\Veenstra\.gradle\caches\modules-2\files-2.1\org.codehaus.plexus\plexus-utils\3.3.0\cf43b5391de623b36fe066a21127baef82c64022\plexus-utils-3.3.0.jar because it was already located earlier
[11aug2024 15:03:17.785] [main/DEBUG] [net.neoforged.fml.loading.moddiscovery.ModDiscoverer/]: Skipping C:\Users\Veenstra\.gradle\caches\modules-2\files-2.1\com.machinezoo.noexception\noexception\1.7.1\b65330c98e38a1f915fa54a6e5eca496505e3f0a\noexception-1.7.1.jar because it was already located earlier
[11aug2024 15:03:17.785] [main/DEBUG] [net.neoforged.fml.loading.moddiscovery.ModDiscoverer/]: Skipping C:\Users\Veenstra\Desktop\Oceans Delight - NeoForge - 1.21\.gradle\repositories\ng_dummy_ng\net\minecraft\client\1.21\client-1.21-client-extra.jar because it was already located earlier
[11aug2024 15:03:17.785] [main/DEBUG] [net.neoforged.fml.loading.moddiscovery.ModDiscoverer/]: Skipping C:\Users\Veenstra\.gradle\caches\modules-2\files-2.1\com.ibm.icu\icu4j\73.2\61ad4ef7f9131fcf6d25c34b817f90d6da06c9e9\icu4j-73.2.jar because it was already located earlier
[11aug2024 15:03:17.786] [main/DEBUG] [net.neoforged.fml.loading.moddiscovery.ModDiscoverer/]: Skipping C:\Users\Veenstra\.gradle\caches\modules-2\files-2.1\com.mojang\blocklist\1.0.10\5c685c5ffa94c4cd39496c7184c1d122e515ecef\blocklist-1.0.10.jar because it was already located earlier
[11aug2024 15:03:17.786] [main/DEBUG] [net.neoforged.fml.loading.moddiscovery.ModDiscoverer/]: Skipping C:\Users\Veenstra\.gradle\caches\modules-2\files-2.1\com.mojang\brigadier\1.2.9\73e324f2ee541493a5179abf367237faa782ed21\brigadier-1.2.9.jar because it was already located earlier
[11aug2024 15:03:17.786] [main/DEBUG] [net.neoforged.fml.loading.moddiscovery.ModDiscoverer/]: Skipping C:\Users\Veenstra\.gradle\caches\modules-2\files-2.1\org.apache.httpcomponents\httpclient\4.5.13\e5f6cae5ca7ecaac1ec2827a9e2d65ae2869cada\httpclient-4.5.13.jar because it was already located earlier
[11aug2024 15:03:17.786] [main/DEBUG] [net.neoforged.fml.loading.moddiscovery.ModDiscoverer/]: Skipping C:\Users\Veenstra\.gradle\caches\modules-2\files-2.1\commons-codec\commons-codec\1.16.0\4e3eb3d79888d76b54e28b350915b5dc3919c9de\commons-codec-1.16.0.jar because it was already located earlier
[11aug2024 15:03:17.786] [main/DEBUG] [net.neoforged.fml.loading.moddiscovery.ModDiscoverer/]: Skipping C:\Users\Veenstra\.gradle\caches\modules-2\files-2.1\commons-logging\commons-logging\1.2\4bfc12adfe4842bf07b657f0369c4cb522955686\commons-logging-1.2.jar because it was already located earlier
[11aug2024 15:03:17.786] [main/DEBUG] [net.neoforged.fml.loading.moddiscovery.ModDiscoverer/]: Skipping C:\Users\Veenstra\.gradle\caches\modules-2\files-2.1\io.netty\netty-handler\4.1.97.Final\abb86c6906bf512bf2b797a41cd7d2e8d3cd7c36\netty-handler-4.1.97.Final.jar because it was already located earlier
[11aug2024 15:03:17.786] [main/DEBUG] [net.neoforged.fml.loading.moddiscovery.ModDiscoverer/]: Skipping C:\Users\Veenstra\.gradle\caches\modules-2\files-2.1\io.netty\netty-codec\4.1.97.Final\384ba4d75670befbedb45c4d3b497a93639c206d\netty-codec-4.1.97.Final.jar because it was already located earlier
[11aug2024 15:03:17.786] [main/DEBUG] [net.neoforged.fml.loading.moddiscovery.ModDiscoverer/]: Skipping C:\Users\Veenstra\.gradle\caches\modules-2\files-2.1\io.netty\netty-transport-classes-epoll\4.1.97.Final\795da37ded759e862457a82d9d92c4d39ce8ecee\netty-transport-classes-epoll-4.1.97.Final.jar because it was already located earlier
[11aug2024 15:03:17.786] [main/DEBUG] [net.neoforged.fml.loading.moddiscovery.ModDiscoverer/]: Skipping C:\Users\Veenstra\.gradle\caches\modules-2\files-2.1\io.netty\netty-transport-native-unix-common\4.1.97.Final\d469d84265ab70095b01b40886cabdd433b6e664\netty-transport-native-unix-common-4.1.97.Final.jar because it was already located earlier
[11aug2024 15:03:17.786] [main/DEBUG] [net.neoforged.fml.loading.moddiscovery.ModDiscoverer/]: Skipping C:\Users\Veenstra\.gradle\caches\modules-2\files-2.1\io.netty\netty-transport\4.1.97.Final\f37380d23c9bb079bc702910833b2fd532c9abd0\netty-transport-4.1.97.Final.jar because it was already located earlier
[11aug2024 15:03:17.786] [main/DEBUG] [net.neoforged.fml.loading.moddiscovery.ModDiscoverer/]: Skipping C:\Users\Veenstra\.gradle\caches\modules-2\files-2.1\io.netty\netty-buffer\4.1.97.Final\f8f3d8644afa5e6e1a40a3a6aeb9d9aa970ecb4f\netty-buffer-4.1.97.Final.jar because it was already located earlier
[11aug2024 15:03:17.786] [main/DEBUG] [net.neoforged.fml.loading.moddiscovery.ModDiscoverer/]: Skipping C:\Users\Veenstra\.gradle\caches\modules-2\files-2.1\io.netty\netty-resolver\4.1.97.Final\cec8348108dc76c47cf87c669d514be52c922144\netty-resolver-4.1.97.Final.jar because it was already located earlier
[11aug2024 15:03:17.786] [main/DEBUG] [net.neoforged.fml.loading.moddiscovery.ModDiscoverer/]: Skipping C:\Users\Veenstra\.gradle\caches\modules-2\files-2.1\io.netty\netty-common\4.1.97.Final\7cceacaf11df8dc63f23d0fb58e9d4640fc88404\netty-common-4.1.97.Final.jar because it was already located earlier
[11aug2024 15:03:17.786] [main/DEBUG] [net.neoforged.fml.loading.moddiscovery.ModDiscoverer/]: Skipping C:\Users\Veenstra\.gradle\caches\modules-2\files-2.1\it.unimi.dsi\fastutil\8.5.12\c24946d46824bd528054bface3231d2ecb7e95e8\fastutil-8.5.12.jar because it was already located earlier
[11aug2024 15:03:17.787] [main/DEBUG] [net.neoforged.fml.loading.moddiscovery.ModDiscoverer/]: Skipping C:\Users\Veenstra\.gradle\caches\modules-2\files-2.1\net.java.dev.jna\jna-platform\5.14.0\28934d48aed814f11e4c584da55c49fa7032b31b\jna-platform-5.14.0.jar because it was already located earlier
[11aug2024 15:03:17.787] [main/DEBUG] [net.neoforged.fml.loading.moddiscovery.ModDiscoverer/]: Skipping C:\Users\Veenstra\.gradle\caches\modules-2\files-2.1\ca.weblite\java-objc-bridge\1.1\1227f9e0666314f9de41477e3ec277e542ed7f7b\java-objc-bridge-1.1.jar because it was already located earlier
[11aug2024 15:03:17.787] [main/DEBUG] [net.neoforged.fml.loading.moddiscovery.ModDiscoverer/]: Skipping C:\Users\Veenstra\.gradle\caches\modules-2\files-2.1\net.java.dev.jna\jna\5.14.0\67bf3eaea4f0718cb376a181a629e5f88fa1c9dd\jna-5.14.0.jar because it was already located earlier
[11aug2024 15:03:17.788] [main/DEBUG] [net.neoforged.fml.loading.moddiscovery.ModDiscoverer/]: Skipping C:\Users\Veenstra\.gradle\caches\modules-2\files-2.1\org.apache.httpcomponents\httpcore\4.4.16\51cf043c87253c9f58b539c9f7e44c8894223850\httpcore-4.4.16.jar because it was already located earlier
[11aug2024 15:03:17.788] [main/DEBUG] [net.neoforged.fml.loading.moddiscovery.ModDiscoverer/]: Skipping C:\Users\Veenstra\.gradle\caches\modules-2\files-2.1\org.jcraft\jorbis\0.0.17\8872d22b293e8f5d7d56ff92be966e6dc28ebdc6\jorbis-0.0.17.jar because it was already located earlier
[11aug2024 15:03:17.788] [main/DEBUG] [net.neoforged.fml.loading.moddiscovery.ModDiscoverer/]: Skipping C:\Users\Veenstra\.gradle\caches\modules-2\files-2.1\org.joml\joml\1.10.5\22566d58af70ad3d72308bab63b8339906deb649\joml-1.10.5.jar because it was already located earlier
[11aug2024 15:03:17.788] [main/DEBUG] [net.neoforged.fml.loading.moddiscovery.ModDiscoverer/]: Skipping C:\Users\Veenstra\.gradle\caches\modules-2\files-2.1\org.lwjgl\lwjgl-freetype\3.3.3\a0db6c84a8becc8ca05f9dbfa985edc348a824c7\lwjgl-freetype-3.3.3.jar because it was already located earlier
[11aug2024 15:03:17.793] [main/DEBUG] [net.neoforged.fml.loading.moddiscovery.ModDiscoverer/]: Skipping C:\Users\Veenstra\.gradle\caches\modules-2\files-2.1\org.lwjgl\lwjgl-freetype\3.3.3\15a8c1de7f51d07a92eae7ce1222557073a0c0c3\lwjgl-freetype-3.3.3-natives-windows-x86.jar because it was already located earlier
[11aug2024 15:03:17.793] [main/DEBUG] [net.neoforged.fml.loading.moddiscovery.ModDiscoverer/]: Skipping C:\Users\Veenstra\.gradle\caches\modules-2\files-2.1\org.lwjgl\lwjgl-glfw\3.3.3\efa1eb78c5ccd840e9f329717109b5e892d72f8e\lwjgl-glfw-3.3.3.jar because it was already located earlier
[11aug2024 15:03:17.799] [main/DEBUG] [net.neoforged.fml.loading.moddiscovery.ModDiscoverer/]: Skipping C:\Users\Veenstra\.gradle\caches\modules-2\files-2.1\org.lwjgl\lwjgl-glfw\3.3.3\32334f3fd5270a59bad9939a93115acb6de36dcf\lwjgl-glfw-3.3.3-natives-windows-x86.jar because it was already located earlier
[11aug2024 15:03:17.799] [main/DEBUG] [net.neoforged.fml.loading.moddiscovery.ModDiscoverer/]: Skipping C:\Users\Veenstra\.gradle\caches\modules-2\files-2.1\org.lwjgl\lwjgl-jemalloc\3.3.3\b543467b7ff3c6920539a88ee602d34098628be5\lwjgl-jemalloc-3.3.3.jar because it was already located earlier
[11aug2024 15:03:17.799] [main/DEBUG] [net.neoforged.fml.loading.moddiscovery.ModDiscoverer/]: Skipping C:\Users\Veenstra\.gradle\caches\modules-2\files-2.1\org.lwjgl\lwjgl-jemalloc\3.3.3\426222fc027602a5f21b9c0fe79cde6a4c7a011f\lwjgl-jemalloc-3.3.3-natives-windows.jar because it was already located earlier
[11aug2024 15:03:17.804] [main/DEBUG] [net.neoforged.fml.loading.moddiscovery.ModDiscoverer/]: Skipping C:\Users\Veenstra\.gradle\caches\modules-2\files-2.1\org.lwjgl\lwjgl-openal\3.3.3\daada81ceb5fc0c291fbfdd4433cb8d9423577f2\lwjgl-openal-3.3.3.jar because it was already located earlier
[11aug2024 15:03:17.810] [main/DEBUG] [net.neoforged.fml.loading.moddiscovery.ModDiscoverer/]: Skipping C:\Users\Veenstra\.gradle\caches\modules-2\files-2.1\org.lwjgl\lwjgl-openal\3.3.3\87b8d5050e3adb46bb58fe1cb2669a4a48fce10d\lwjgl-openal-3.3.3-natives-windows-x86.jar because it was already located earlier
[11aug2024 15:03:17.810] [main/DEBUG] [net.neoforged.fml.loading.moddiscovery.ModDiscoverer/]: Skipping C:\Users\Veenstra\.gradle\caches\modules-2\files-2.1\org.lwjgl\lwjgl-opengl\3.3.3\2f6b0147078396a58979125a4c947664e98293a\lwjgl-opengl-3.3.3.jar because it was already located earlier
[11aug2024 15:03:17.813] [main/DEBUG] [net.neoforged.fml.loading.moddiscovery.ModDiscoverer/]: Skipping C:\Users\Veenstra\.gradle\caches\modules-2\files-2.1\org.lwjgl\lwjgl-opengl\3.3.3\65e956d3735a1abdc82eff4baec1b61174697d4b\lwjgl-opengl-3.3.3-natives-windows-arm64.jar because it was already located earlier
[11aug2024 15:03:17.816] [main/DEBUG] [net.neoforged.fml.loading.moddiscovery.ModDiscoverer/]: Skipping C:\Users\Veenstra\.gradle\caches\modules-2\files-2.1\org.lwjgl\lwjgl-stb\3.3.3\25dd6161988d7e65f71d5065c99902402ee32746\lwjgl-stb-3.3.3.jar because it was already located earlier
[11aug2024 15:03:17.816] [main/DEBUG] [net.neoforged.fml.loading.moddiscovery.ModDiscoverer/]: Skipping C:\Users\Veenstra\.gradle\caches\modules-2\files-2.1\org.lwjgl\lwjgl-stb\3.3.3\1d9facdf6541de114b0f963be33505b7679c78cb\lwjgl-stb-3.3.3-natives-windows.jar because it was already located earlier
[11aug2024 15:03:17.821] [main/DEBUG] [net.neoforged.fml.loading.moddiscovery.ModDiscoverer/]: Skipping C:\Users\Veenstra\.gradle\caches\modules-2\files-2.1\org.lwjgl\lwjgl-tinyfd\3.3.3\82d755ca94b102e9ca77283b9e2dc46d1b15fbe5\lwjgl-tinyfd-3.3.3.jar because it was already located earlier
[11aug2024 15:03:17.821] [main/DEBUG] [net.neoforged.fml.loading.moddiscovery.ModDiscoverer/]: Skipping C:\Users\Veenstra\.gradle\caches\modules-2\files-2.1\org.lwjgl\lwjgl-tinyfd\3.3.3\a6697981b0449a5087c1d546fc08b4f73e8f98c9\lwjgl-tinyfd-3.3.3-natives-windows.jar because it was already located earlier
[11aug2024 15:03:17.826] [main/DEBUG] [net.neoforged.fml.loading.moddiscovery.ModDiscoverer/]: Skipping C:\Users\Veenstra\.gradle\caches\modules-2\files-2.1\org.lwjgl\lwjgl\3.3.3\29589b5f87ed335a6c7e7ee6a5775f81f97ecb84\lwjgl-3.3.3.jar because it was already located earlier
[11aug2024 15:03:17.832] [main/DEBUG] [net.neoforged.fml.loading.moddiscovery.ModDiscoverer/]: Skipping C:\Users\Veenstra\.gradle\caches\modules-2\files-2.1\org.lwjgl\lwjgl\3.3.3\9e670718e050aeaeea0c2d5b907cffb142f2e58f\lwjgl-3.3.3-natives-windows-x86.jar because it was already located earlier
[11aug2024 15:03:17.833] [main/DEBUG] [net.neoforged.fml.loading.moddiscovery.ModDiscoverer/]: Skipping C:\Users\Veenstra\.gradle\caches\modules-2\files-2.1\org.lz4\lz4-java\1.8.0\4b986a99445e49ea5fbf5d149c4b63f6ed6c6780\lz4-java-1.8.0.jar because it was already located earlier
[11aug2024 15:03:17.833] [main/DEBUG] [net.neoforged.fml.loading.moddiscovery.ModDiscoverer/]: Skipping C:\Users\Veenstra\.gradle\caches\modules-2\files-2.1\org.jetbrains\annotations\24.1.0\7af6a669488450c4a07c2c3254e2151df42d7d04\annotations-24.1.0.jar because it was already located earlier
[11aug2024 15:03:17.833] [main/DEBUG] [net.neoforged.fml.loading.moddiscovery.ModDiscoverer/SCAN]: Locator userdev mods and services found 5 mods, 0 warnings, 0 errors and skipped 85 candidates
[11aug2024 15:03:17.834] [main/DEBUG] [net.neoforged.fml.loading.UniqueModListBuilder/]: Found 2 mods for first modid neoforge, selecting most recent based on version data
[11aug2024 15:03:17.835] [main/DEBUG] [net.neoforged.fml.loading.UniqueModListBuilder/]: Selected file neoforge-21.0.114-beta.jar for modid neoforge with version 21.0.114-beta
[11aug2024 15:03:17.837] [main/DEBUG] [net.neoforged.fml.loading.moddiscovery.ModDiscoverer/SCAN]: Successfully Loaded 6 mods. Attempting to load dependencies...
[11aug2024 15:03:17.838] [main/DEBUG] [net.neoforged.fml.loading.moddiscovery.ModDiscoverer/SCAN]: Trying locator jarinjar
[11aug2024 15:03:17.840] [main/TRACE] [net.neoforged.fml.loading.moddiscovery.locators.JarInJarDependencyLocator/]: Failed to load resource META-INF\jarjar\metadata.json from farmersdelight-398521-5566383.jar, it does not contain dependency information.
[11aug2024 15:03:17.841] [main/TRACE] [net.neoforged.fml.loading.moddiscovery.locators.JarInJarDependencyLocator/]: Failed to load resource META-INF\jarjar\metadata.json from neoforge-21.0.114-beta.jar, it does not contain dependency information.
[11aug2024 15:03:17.841] [main/TRACE] [net.neoforged.fml.loading.moddiscovery.locators.JarInJarDependencyLocator/]: Failed to load resource META-INF\jarjar\metadata.json from mixinextras-neoforge-0.3.5.jar, it does not contain dependency information.
[11aug2024 15:03:17.841] [main/TRACE] [net.neoforged.fml.loading.moddiscovery.locators.JarInJarDependencyLocator/]: Failed to load resource META-INF\jarjar\metadata.json from main, it does not contain dependency information.
[11aug2024 15:03:17.841] [main/TRACE] [net.neoforged.fml.loading.moddiscovery.locators.JarInJarDependencyLocator/]: Failed to load resource META-INF\jarjar\metadata.json from jei-1.21-neoforge-19.5.0.31.jar, it does not contain dependency information.
[11aug2024 15:03:17.900] [main/DEBUG] [net.neoforged.fml.loading.moddiscovery.readers.JarModsDotTomlModFileReader/SCAN]: Found META-INF/MANIFEST.MF mod of type GAMELIBRARY: 
[11aug2024 15:03:17.901] [main/TRACE] [net.neoforged.fml.loading.moddiscovery.locators.JarInJarDependencyLocator/]: Failed to load resource META-INF\jarjar\metadata.json from mixinextras-neoforge-0.3.5.jar, it does not contain dependency information.
[11aug2024 15:03:17.927] [main/DEBUG] [net.neoforged.fml.loading.moddiscovery.readers.JarModsDotTomlModFileReader/SCAN]: Found META-INF/MANIFEST.MF mod of type GAMELIBRARY: 
[11aug2024 15:03:17.929] [main/WARN] [net.neoforged.jarjar.selection.JarSelector/]: Attempted to select a dependency jar for JarJar which was passed in as source: mixinextras-neoforge-0.3.5.jar. Using Mod File: C:\Users\Veenstra\.gradle\caches\modules-2\files-2.1\io.github.llamalad7\mixinextras-neoforge\0.3.5\ef3ffcf309dae656517b2f120189b1c9b21737dd\mixinextras-neoforge-0.3.5.jar
[11aug2024 15:03:17.929] [main/INFO] [net.neoforged.fml.loading.moddiscovery.locators.JarInJarDependencyLocator/]: No dependencies to load found. Skipping!
[11aug2024 15:03:17.931] [main/DEBUG] [net.neoforged.fml.loading.moddiscovery.ModFileInfo/LOADING]: Found valid mod file neoforge-21.0.114-beta.jar with {minecraft} mods - versions {1.21}
[11aug2024 15:03:17.933] [main/DEBUG] [net.neoforged.fml.loading.moddiscovery.ModFile/LOADING]: Loading mod file C:\Users\Veenstra\Desktop\Oceans Delight - NeoForge - 1.21\.gradle\repositories\ng_dummy_ng\net\neoforged\neoforge\21.0.114-beta\neoforge-21.0.114-beta.jar with languages [LanguageSpec[languageName=minecraft, acceptedVersions=1]]
[11aug2024 15:03:17.934] [main/DEBUG] [net.neoforged.fml.loading.moddiscovery.ModFileParser/LOADING]: Considering mod file candidate C:\Users\Veenstra\.gradle\caches\modules-2\files-2.1\curse.maven\farmersdelight-398521\5566383\80c2e58cd01fc911104066bdbc1ef241ffdcda73\farmersdelight-398521-5566383.jar
[11aug2024 15:03:17.937] [main/DEBUG] [net.neoforged.fml.loading.moddiscovery.ModFileInfo/LOADING]: Found valid mod file farmersdelight-398521-5566383.jar with {farmersdelight} mods - versions {1.2.4}
[11aug2024 15:03:17.937] [main/DEBUG] [net.neoforged.fml.loading.moddiscovery.ModFile/LOADING]: Loading mod file C:\Users\Veenstra\.gradle\caches\modules-2\files-2.1\curse.maven\farmersdelight-398521\5566383\80c2e58cd01fc911104066bdbc1ef241ffdcda73\farmersdelight-398521-5566383.jar with languages [LanguageSpec[languageName=javafml, acceptedVersions=[4,)]]
[11aug2024 15:03:17.938] [main/DEBUG] [net.neoforged.fml.loading.moddiscovery.ModFile/LOADING]: Found mixin config farmersdelight.mixins.json
[11aug2024 15:03:17.938] [main/DEBUG] [net.neoforged.fml.loading.moddiscovery.ModFileParser/LOADING]: Considering mod file candidate C:\Users\Veenstra\Desktop\Oceans Delight - NeoForge - 1.21\build\resources\main
[11aug2024 15:03:17.941] [main/DEBUG] [net.neoforged.fml.loading.moddiscovery.ModFileInfo/LOADING]: Found valid mod file main with {oceansdelight} mods - versions {1.0.3}
[11aug2024 15:03:17.941] [main/DEBUG] [net.neoforged.fml.loading.moddiscovery.ModFile/LOADING]: Loading mod file C:\Users\Veenstra\Desktop\Oceans Delight - NeoForge - 1.21\build\resources\main with languages [LanguageSpec[languageName=javafml, acceptedVersions=[4,)]]
[11aug2024 15:03:17.941] [main/DEBUG] [net.neoforged.fml.loading.moddiscovery.ModFileParser/LOADING]: Considering mod file candidate C:\Users\Veenstra\Desktop\Oceans Delight - NeoForge - 1.21\.gradle\repositories\ng_dummy_ng\net\neoforged\neoforge\21.0.114-beta\neoforge-21.0.114-beta.jar
[11aug2024 15:03:17.943] [main/DEBUG] [net.neoforged.fml.loading.moddiscovery.ModFileInfo/LOADING]: Found valid mod file neoforge-21.0.114-beta.jar with {neoforge} mods - versions {21.0.114-beta}
[11aug2024 15:03:17.943] [main/DEBUG] [net.neoforged.fml.loading.moddiscovery.ModFile/LOADING]: Loading mod file C:\Users\Veenstra\Desktop\Oceans Delight - NeoForge - 1.21\.gradle\repositories\ng_dummy_ng\net\neoforged\neoforge\21.0.114-beta\neoforge-21.0.114-beta.jar with languages [LanguageSpec[languageName=javafml, acceptedVersions=[3,]]]
[11aug2024 15:03:17.946] [main/DEBUG] [net.neoforged.fml.loading.moddiscovery.ModFileParser/LOADING]: Found coremod field_to_method with Javascript path coremods/field_to_method.js
[11aug2024 15:03:17.947] [main/DEBUG] [net.neoforged.fml.loading.moddiscovery.ModFileParser/LOADING]: Found coremod field_to_instanceof with Javascript path coremods/field_to_instanceof.js
[11aug2024 15:03:17.947] [main/DEBUG] [net.neoforged.fml.loading.moddiscovery.ModFileParser/LOADING]: Found coremod add_bouncer_method with Javascript path coremods/add_bouncer_method.js
[11aug2024 15:03:17.947] [main/DEBUG] [net.neoforged.fml.loading.moddiscovery.ModFileParser/LOADING]: Found coremod method_redirector with Javascript path coremods/method_redirector.js
[11aug2024 15:03:17.947] [main/DEBUG] [net.neoforged.fml.loading.moddiscovery.ModFile/LOADING]: Found mixin config neoforge.mixins.json
[11aug2024 15:03:17.947] [main/DEBUG] [net.neoforged.fml.loading.moddiscovery.ModFileParser/LOADING]: Considering mod file candidate C:\Users\Veenstra\.gradle\caches\modules-2\files-2.1\mezz.jei\jei-1.21-neoforge\19.5.0.31\77ba533084839d7447d1dcbc1bf4715928646d5a\jei-1.21-neoforge-19.5.0.31.jar
[11aug2024 15:03:17.950] [main/DEBUG] [net.neoforged.fml.loading.moddiscovery.ModFileInfo/LOADING]: Found valid mod file jei-1.21-neoforge-19.5.0.31.jar with {jei} mods - versions {19.5.0.31}
[11aug2024 15:03:17.951] [main/DEBUG] [net.neoforged.fml.loading.moddiscovery.ModFile/LOADING]: Loading mod file C:\Users\Veenstra\.gradle\caches\modules-2\files-2.1\mezz.jei\jei-1.21-neoforge\19.5.0.31\77ba533084839d7447d1dcbc1bf4715928646d5a\jei-1.21-neoforge-19.5.0.31.jar with languages [LanguageSpec[languageName=javafml, acceptedVersions=[4,)]]
[11aug2024 15:03:17.952] [main/DEBUG] [net.neoforged.fml.loading.moddiscovery.ModFile/LOADING]: Found mixin config jei.mixins.json
[11aug2024 15:03:17.952] [main/DEBUG] [net.neoforged.fml.loading.moddiscovery.ModFile/LOADING]: Loading mod file C:\Users\Veenstra\.gradle\caches\modules-2\files-2.1\io.github.llamalad7\mixinextras-neoforge\0.3.5\ef3ffcf309dae656517b2f120189b1c9b21737dd\mixinextras-neoforge-0.3.5.jar with languages []
[11aug2024 15:03:17.954] [main/DEBUG] [net.neoforged.fml.loading.moddiscovery.ModValidator/SCAN]: Found 6 mod files with 5 mods
[11aug2024 15:03:17.955] [main/DEBUG] [cpw.mods.modlauncher.TransformationServiceDecorator/MODLAUNCHER]: End scan trigger - transformation service fml
[11aug2024 15:03:17.963] [main/DEBUG] [net.neoforged.fml.util.ServiceLoaderUtil/CORE]: Found 3 implementations of IModLanguageLoader:
[11aug2024 15:03:17.964] [main/DEBUG] [net.neoforged.fml.util.ServiceLoaderUtil/CORE]: 	net.neoforged.fml.javafmlmod.FMLJavaModLanguageProvider from loader-4.0.18.jar
[11aug2024 15:03:17.965] [main/DEBUG] [net.neoforged.fml.util.ServiceLoaderUtil/CORE]: 	net.neoforged.fml.lowcodemod.LowCodeModLanguageProvider from loader-4.0.18.jar
[11aug2024 15:03:17.965] [main/DEBUG] [net.neoforged.fml.util.ServiceLoaderUtil/CORE]: 	net.neoforged.fml.mclanguageprovider.MinecraftModLanguageProvider from loader-4.0.18.jar
[11aug2024 15:03:17.966] [main/DEBUG] [net.neoforged.fml.loading.LanguageProviderLoader/CORE]: Found language provider javafml, version 4.0.18
[11aug2024 15:03:17.966] [main/DEBUG] [net.neoforged.fml.loading.LanguageProviderLoader/CORE]: Found language provider lowcodefml, version 4.0.18
[11aug2024 15:03:17.966] [main/DEBUG] [net.neoforged.fml.loading.LanguageProviderLoader/CORE]: Found language provider minecraft, version 4.0.18
[11aug2024 15:03:17.969] [main/DEBUG] [net.neoforged.fml.loading.ModSorter/]: Configured system mods: [minecraft, neoforge]
[11aug2024 15:03:17.970] [main/DEBUG] [net.neoforged.fml.loading.ModSorter/]: Found system mod: minecraft
[11aug2024 15:03:17.970] [main/DEBUG] [net.neoforged.fml.loading.ModSorter/]: Found system mod: neoforge
[11aug2024 15:03:17.972] [main/DEBUG] [net.neoforged.fml.loading.ModSorter/LOADING]: Found 7 mod requirements (6 mandatory, 1 optional)
[11aug2024 15:03:17.973] [main/DEBUG] [net.neoforged.fml.loading.ModSorter/LOADING]: Found 0 mod requirements missing (0 mandatory, 0 optional)
[11aug2024 15:03:17.989] [main/DEBUG] [net.neoforged.fml.loading.FMLLoader/SCAN]: Adding Access Transformer in C:\Users\Veenstra\.gradle\caches\modules-2\files-2.1\curse.maven\farmersdelight-398521\5566383\80c2e58cd01fc911104066bdbc1ef241ffdcda73\farmersdelight-398521-5566383.jar
[11aug2024 15:03:17.991] [main/DEBUG] [AXFORM/AXFORM]: Loading access transformer accesstransformer.cfg
[11aug2024 15:03:18.094] [main/DEBUG] [AXFORM/AXFORM]: Loaded access transformer accesstransformer.cfg
[11aug2024 15:03:18.094] [main/DEBUG] [net.neoforged.fml.loading.FMLLoader/SCAN]: Adding Access Transformer in C:\Users\Veenstra\Desktop\Oceans Delight - NeoForge - 1.21\.gradle\repositories\ng_dummy_ng\net\neoforged\neoforge\21.0.114-beta\neoforge-21.0.114-beta.jar
[11aug2024 15:03:18.096] [main/DEBUG] [AXFORM/AXFORM]: Loading access transformer accesstransformer.cfg
[11aug2024 15:03:18.145] [main/DEBUG] [AXFORM/AXFORM]: Loaded access transformer accesstransformer.cfg
[11aug2024 15:03:18.146] [main/DEBUG] [net.neoforged.fml.loading.FMLLoader/SCAN]: Adding Access Transformer in C:\Users\Veenstra\.gradle\caches\modules-2\files-2.1\mezz.jei\jei-1.21-neoforge\19.5.0.31\77ba533084839d7447d1dcbc1bf4715928646d5a\jei-1.21-neoforge-19.5.0.31.jar
[11aug2024 15:03:18.146] [main/DEBUG] [AXFORM/AXFORM]: Loading access transformer accesstransformer.cfg
[11aug2024 15:03:18.148] [main/DEBUG] [AXFORM/AXFORM]: Loaded access transformer accesstransformer.cfg
[11aug2024 15:03:18.150] [main/DEBUG] [mixin/]: Adding mixin platform agents for container net.neoforged.fml.loading.mixin.FMLMixinContainerHandle@35835fa
[11aug2024 15:03:18.150] [main/DEBUG] [mixin/]: Instancing new MixinPlatformAgentMinecraftForge for net.neoforged.fml.loading.mixin.FMLMixinContainerHandle@35835fa
[11aug2024 15:03:18.151] [main/DEBUG] [mixin/]: MixinPlatformAgentMinecraftForge rejected container net.neoforged.fml.loading.mixin.FMLMixinContainerHandle@35835fa
[11aug2024 15:03:18.151] [main/DEBUG] [mixin/]: Instancing new MixinPlatformAgentDefault for net.neoforged.fml.loading.mixin.FMLMixinContainerHandle@35835fa
[11aug2024 15:03:18.151] [main/DEBUG] [mixin/]: MixinPlatformAgentDefault accepted container net.neoforged.fml.loading.mixin.FMLMixinContainerHandle@35835fa
[11aug2024 15:03:18.151] [main/DEBUG] [mixin/]: Instancing new FMLMixinPlatformAgent for net.neoforged.fml.loading.mixin.FMLMixinContainerHandle@35835fa
[11aug2024 15:03:18.151] [main/DEBUG] [mixin/]: FMLMixinPlatformAgent accepted container net.neoforged.fml.loading.mixin.FMLMixinContainerHandle@35835fa
[11aug2024 15:03:18.163] [main/DEBUG] [cpw.mods.modlauncher.TransformationServicesHandler/MODLAUNCHER]: Transformation services loading transformers
[11aug2024 15:03:18.163] [main/DEBUG] [cpw.mods.modlauncher.TransformationServiceDecorator/MODLAUNCHER]: Initializing transformers for transformation service mixin
[11aug2024 15:03:18.164] [main/DEBUG] [cpw.mods.modlauncher.TransformationServiceDecorator/MODLAUNCHER]: Initialized transformers for transformation service mixin
[11aug2024 15:03:18.165] [main/DEBUG] [cpw.mods.modlauncher.TransformationServiceDecorator/MODLAUNCHER]: Initializing transformers for transformation service fml
[11aug2024 15:03:18.165] [main/DEBUG] [net.neoforged.fml.loading.FMLServiceProvider/LOADING]: Loading coremod transformers
[11aug2024 15:03:18.165] [main/INFO] [net.neoforged.fml.loading.FMLServiceProvider/CORE]: Loading coremod script-engine for [neoforge]
[11aug2024 15:03:18.171] [main/DEBUG] [net.neoforged.fml.loading.CoreModScriptLoader/CORE]: Loading coremod scripts
[11aug2024 15:03:18.523] [main/DEBUG] [net.neoforged.coremod.CoreModScriptingEngine/COREMOD]: Loading CoreMod from coremods/field_to_method.js
[11aug2024 15:03:18.727] [main/DEBUG] [net.neoforged.coremod.CoreModScriptingEngine/COREMOD]: CoreMod loaded successfully
[11aug2024 15:03:18.727] [main/DEBUG] [net.neoforged.coremod.CoreModScriptingEngine/COREMOD]: Loading CoreMod from coremods/field_to_instanceof.js
[11aug2024 15:03:18.845] [main/DEBUG] [net.neoforged.coremod.CoreModScriptingEngine/COREMOD]: CoreMod loaded successfully
[11aug2024 15:03:18.845] [main/DEBUG] [net.neoforged.coremod.CoreModScriptingEngine/COREMOD]: Loading CoreMod from coremods/add_bouncer_method.js
[11aug2024 15:03:18.898] [main/DEBUG] [net.neoforged.coremod.CoreModScriptingEngine/COREMOD]: CoreMod loaded successfully
[11aug2024 15:03:18.898] [main/DEBUG] [net.neoforged.coremod.CoreModScriptingEngine/COREMOD]: Loading CoreMod from coremods/method_redirector.js
[11aug2024 15:03:19.001] [main/DEBUG] [net.neoforged.coremod.CoreModScriptingEngine/COREMOD]: CoreMod loaded successfully
[11aug2024 15:03:19.013] [main/DEBUG] [net.neoforged.fml.util.ServiceLoaderUtil/CORE]: Found 0 implementations of ICoreMod:
[11aug2024 15:03:19.016] [main/DEBUG] [cpw.mods.modlauncher.TransformStore/MODLAUNCHER]: Adding transformer net.neoforged.coremod.transformer.CoreModClassTransformer@35e26d05 to Target : cpw.mods.modlauncher.api.TargetType@4b7e96a {Lnet/minecraft/world/level/biome/Biome;} {} {V}
[11aug2024 15:03:19.018] [main/DEBUG] [cpw.mods.modlauncher.TransformStore/MODLAUNCHER]: Adding transformer net.neoforged.coremod.transformer.CoreModClassTransformer@2538bc06 to Target : cpw.mods.modlauncher.api.TargetType@4b7e96a {Lnet/minecraft/world/level/levelgen/structure/Structure;} {} {V}
[11aug2024 15:03:19.019] [main/DEBUG] [cpw.mods.modlauncher.TransformStore/MODLAUNCHER]: Adding transformer net.neoforged.coremod.transformer.CoreModClassTransformer@61f6d381 to Target : cpw.mods.modlauncher.api.TargetType@4b7e96a {Lnet/minecraft/world/level/block/FlowerPotBlock;} {} {V}
[11aug2024 15:03:19.019] [main/DEBUG] [cpw.mods.modlauncher.TransformStore/MODLAUNCHER]: Adding transformer net.neoforged.coremod.transformer.CoreModClassTransformer@656922a0 to Target : cpw.mods.modlauncher.api.TargetType@4b7e96a {Lnet/minecraft/network/play/client/CClientSettingsPacket;} {} {V}
[11aug2024 15:03:19.019] [main/DEBUG] [cpw.mods.modlauncher.TransformStore/MODLAUNCHER]: Adding transformer net.neoforged.coremod.transformer.CoreModClassTransformer@44784e2f to Target : cpw.mods.modlauncher.api.TargetType@4b7e96a {Lnet/minecraft/world/entity/monster/Spider;} {} {V}
[11aug2024 15:03:19.019] [main/DEBUG] [cpw.mods.modlauncher.TransformStore/MODLAUNCHER]: Adding transformer net.neoforged.coremod.transformer.CoreModClassTransformer@44784e2f to Target : cpw.mods.modlauncher.api.TargetType@4b7e96a {Lnet/minecraft/world/entity/npc/Villager;} {} {V}
[11aug2024 15:03:19.019] [main/DEBUG] [cpw.mods.modlauncher.TransformStore/MODLAUNCHER]: Adding transformer net.neoforged.coremod.transformer.CoreModClassTransformer@44784e2f to Target : cpw.mods.modlauncher.api.TargetType@4b7e96a {Lnet/minecraft/world/level/levelgen/structure/structures/OceanRuinPieces$OceanRuinPiece;} {} {V}
[11aug2024 15:03:19.019] [main/DEBUG] [cpw.mods.modlauncher.TransformStore/MODLAUNCHER]: Adding transformer net.neoforged.coremod.transformer.CoreModClassTransformer@44784e2f to Target : cpw.mods.modlauncher.api.TargetType@4b7e96a {Lnet/minecraft/world/entity/monster/Zombie;} {} {V}
[11aug2024 15:03:19.019] [main/DEBUG] [cpw.mods.modlauncher.TransformStore/MODLAUNCHER]: Adding transformer net.neoforged.coremod.transformer.CoreModClassTransformer@44784e2f to Target : cpw.mods.modlauncher.api.TargetType@4b7e96a {Lnet/minecraft/world/entity/EntityType;} {} {V}
[11aug2024 15:03:19.019] [main/DEBUG] [cpw.mods.modlauncher.TransformStore/MODLAUNCHER]: Adding transformer net.neoforged.coremod.transformer.CoreModClassTransformer@44784e2f to Target : cpw.mods.modlauncher.api.TargetType@4b7e96a {Lnet/minecraft/world/entity/raid/Raid;} {} {V}
[11aug2024 15:03:19.019] [main/DEBUG] [cpw.mods.modlauncher.TransformStore/MODLAUNCHER]: Adding transformer net.neoforged.coremod.transformer.CoreModClassTransformer@44784e2f to Target : cpw.mods.modlauncher.api.TargetType@4b7e96a {Lnet/minecraft/world/level/levelgen/PhantomSpawner;} {} {V}
[11aug2024 15:03:19.019] [main/DEBUG] [cpw.mods.modlauncher.TransformStore/MODLAUNCHER]: Adding transformer net.neoforged.coremod.transformer.CoreModClassTransformer@44784e2f to Target : cpw.mods.modlauncher.api.TargetType@4b7e96a {Lnet/minecraft/world/level/levelgen/structure/structures/SwampHutPiece;} {} {V}
[11aug2024 15:03:19.020] [main/DEBUG] [cpw.mods.modlauncher.TransformStore/MODLAUNCHER]: Adding transformer net.neoforged.coremod.transformer.CoreModClassTransformer@44784e2f to Target : cpw.mods.modlauncher.api.TargetType@4b7e96a {Lnet/minecraft/world/entity/animal/frog/Tadpole;} {} {V}
[11aug2024 15:03:19.020] [main/DEBUG] [cpw.mods.modlauncher.TransformStore/MODLAUNCHER]: Adding transformer net.neoforged.coremod.transformer.CoreModClassTransformer@44784e2f to Target : cpw.mods.modlauncher.api.TargetType@4b7e96a {Lnet/minecraft/world/level/levelgen/structure/structures/OceanMonumentPieces$OceanMonumentPiece;} {} {V}
[11aug2024 15:03:19.020] [main/DEBUG] [cpw.mods.modlauncher.TransformStore/MODLAUNCHER]: Adding transformer net.neoforged.coremod.transformer.CoreModClassTransformer@44784e2f to Target : cpw.mods.modlauncher.api.TargetType@4b7e96a {Lnet/minecraft/world/entity/monster/ZombieVillager;} {} {V}
[11aug2024 15:03:19.020] [main/DEBUG] [cpw.mods.modlauncher.TransformStore/MODLAUNCHER]: Adding transformer net.neoforged.coremod.transformer.CoreModClassTransformer@44784e2f to Target : cpw.mods.modlauncher.api.TargetType@4b7e96a {Lnet/minecraft/server/commands/RaidCommand;} {} {V}
[11aug2024 15:03:19.020] [main/DEBUG] [cpw.mods.modlauncher.TransformStore/MODLAUNCHER]: Adding transformer net.neoforged.coremod.transformer.CoreModClassTransformer@44784e2f to Target : cpw.mods.modlauncher.api.TargetType@4b7e96a {Lnet/minecraft/world/level/levelgen/PatrolSpawner;} {} {V}
[11aug2024 15:03:19.020] [main/DEBUG] [cpw.mods.modlauncher.TransformStore/MODLAUNCHER]: Adding transformer net.neoforged.coremod.transformer.CoreModClassTransformer@44784e2f to Target : cpw.mods.modlauncher.api.TargetType@4b7e96a {Lnet/minecraft/world/level/NaturalSpawner;} {} {V}
[11aug2024 15:03:19.020] [main/DEBUG] [cpw.mods.modlauncher.TransformStore/MODLAUNCHER]: Adding transformer net.neoforged.coremod.transformer.CoreModClassTransformer@44784e2f to Target : cpw.mods.modlauncher.api.TargetType@4b7e96a {Lnet/minecraft/server/commands/SummonCommand;} {} {V}
[11aug2024 15:03:19.020] [main/DEBUG] [cpw.mods.modlauncher.TransformStore/MODLAUNCHER]: Adding transformer net.neoforged.coremod.transformer.CoreModClassTransformer@44784e2f to Target : cpw.mods.modlauncher.api.TargetType@4b7e96a {Lnet/minecraft/world/level/levelgen/structure/structures/WoodlandMansionPieces$WoodlandMansionPiece;} {} {V}
[11aug2024 15:03:19.020] [main/DEBUG] [cpw.mods.modlauncher.TransformStore/MODLAUNCHER]: Adding transformer net.neoforged.coremod.transformer.CoreModClassTransformer@44784e2f to Target : cpw.mods.modlauncher.api.TargetType@4b7e96a {Lnet/minecraft/world/entity/animal/horse/SkeletonTrapGoal;} {} {V}
[11aug2024 15:03:19.020] [main/DEBUG] [cpw.mods.modlauncher.TransformStore/MODLAUNCHER]: Adding transformer net.neoforged.coremod.transformer.CoreModClassTransformer@44784e2f to Target : cpw.mods.modlauncher.api.TargetType@4b7e96a {Lnet/minecraft/world/entity/npc/CatSpawner;} {} {V}
[11aug2024 15:03:19.021] [main/DEBUG] [cpw.mods.modlauncher.TransformStore/MODLAUNCHER]: Adding transformer net.neoforged.coremod.transformer.CoreModClassTransformer@44784e2f to Target : cpw.mods.modlauncher.api.TargetType@4b7e96a {Lnet/minecraft/world/level/levelgen/structure/templatesystem/StructureTemplate;} {} {V}
[11aug2024 15:03:19.021] [main/DEBUG] [cpw.mods.modlauncher.TransformStore/MODLAUNCHER]: Adding transformer net.neoforged.coremod.transformer.CoreModClassTransformer@44784e2f to Target : cpw.mods.modlauncher.api.TargetType@4b7e96a {Lnet/minecraft/world/entity/monster/Strider;} {} {V}
[11aug2024 15:03:19.021] [main/DEBUG] [cpw.mods.modlauncher.TransformStore/MODLAUNCHER]: Adding transformer net.neoforged.coremod.transformer.CoreModClassTransformer@44784e2f to Target : cpw.mods.modlauncher.api.TargetType@4b7e96a {Lnet/minecraft/world/entity/ai/village/VillageSiege;} {} {V}
[11aug2024 15:03:19.021] [main/DEBUG] [cpw.mods.modlauncher.TransformStore/MODLAUNCHER]: Adding transformer net.neoforged.coremod.transformer.CoreModClassTransformer@44784e2f to Target : cpw.mods.modlauncher.api.TargetType@4b7e96a {Lnet/minecraft/world/entity/monster/Evoker$EvokerSummonSpellGoal;} {} {V}
[11aug2024 15:03:19.021] [main/DEBUG] [cpw.mods.modlauncher.TransformationServiceDecorator/MODLAUNCHER]: Initialized transformers for transformation service fml
[11aug2024 15:03:19.161] [main/DEBUG] [mixin/]: Processing prepare() for PlatformAgent[MixinPlatformAgentDefault:ModLauncher Root Container(ModLauncher:4f56a0a2)]
[11aug2024 15:03:19.161] [main/DEBUG] [mixin/]: Processing prepare() for PlatformAgent[MixinPlatformAgentDefault:net.neoforged.fml.loading.mixin.FMLMixinContainerHandle@35835fa]
[11aug2024 15:03:19.161] [main/DEBUG] [mixin/]: Processing prepare() for PlatformAgent[FMLMixinPlatformAgent:null]
[11aug2024 15:03:19.200] [main/DEBUG] [mixin/]: Compatibility level JAVA_21 specified by farmersdelight.mixins.json is higher than the maximum level supported by this version of mixin (JAVA_13).
[11aug2024 15:03:19.203] [main/INFO] [mixin/]: Compatibility level set to JAVA_21
[11aug2024 15:03:19.209] [main/DEBUG] [mixin/]: Processing launch tasks for PlatformAgent[MixinPlatformAgentDefault:ModLauncher Root Container(ModLauncher:4f56a0a2)]
[11aug2024 15:03:19.209] [main/DEBUG] [mixin/]: Adding mixin platform agents for container SecureJarResource(mixin_synthetic)
[11aug2024 15:03:19.209] [main/DEBUG] [mixin/]: Instancing new MixinPlatformAgentMinecraftForge for SecureJarResource(mixin_synthetic)
[11aug2024 15:03:19.209] [main/DEBUG] [mixin/]: MixinPlatformAgentMinecraftForge rejected container SecureJarResource(mixin_synthetic)
[11aug2024 15:03:19.210] [main/DEBUG] [mixin/]: Instancing new MixinPlatformAgentDefault for SecureJarResource(mixin_synthetic)
[11aug2024 15:03:19.210] [main/DEBUG] [mixin/]: MixinPlatformAgentDefault accepted container SecureJarResource(mixin_synthetic)
[11aug2024 15:03:19.210] [main/DEBUG] [mixin/]: Instancing new FMLMixinPlatformAgent for SecureJarResource(mixin_synthetic)
[11aug2024 15:03:19.210] [main/DEBUG] [mixin/]: FMLMixinPlatformAgent rejected container SecureJarResource(mixin_synthetic)
[11aug2024 15:03:19.211] [main/DEBUG] [mixin/]: Processing prepare() for PlatformAgent[MixinPlatformAgentDefault:SecureJarResource(mixin_synthetic)]
[11aug2024 15:03:19.212] [main/DEBUG] [mixin/]: Adding mixin platform agents for container SecureJarResource(farmersdelight)
[11aug2024 15:03:19.212] [main/DEBUG] [mixin/]: Instancing new MixinPlatformAgentMinecraftForge for SecureJarResource(farmersdelight)
[11aug2024 15:03:19.213] [main/DEBUG] [mixin/]: MixinPlatformAgentMinecraftForge rejected container SecureJarResource(farmersdelight)
[11aug2024 15:03:19.213] [main/DEBUG] [mixin/]: Instancing new MixinPlatformAgentDefault for SecureJarResource(farmersdelight)
[11aug2024 15:03:19.214] [main/DEBUG] [mixin/]: MixinPlatformAgentDefault accepted container SecureJarResource(farmersdelight)
[11aug2024 15:03:19.214] [main/DEBUG] [mixin/]: Instancing new FMLMixinPlatformAgent for SecureJarResource(farmersdelight)
[11aug2024 15:03:19.214] [main/DEBUG] [mixin/]: FMLMixinPlatformAgent rejected container SecureJarResource(farmersdelight)
[11aug2024 15:03:19.214] [main/DEBUG] [mixin/]: Processing prepare() for PlatformAgent[MixinPlatformAgentDefault:SecureJarResource(farmersdelight)]
[11aug2024 15:03:19.214] [main/DEBUG] [mixin/]: Adding mixin platform agents for container SecureJarResource(minecraft)
[11aug2024 15:03:19.214] [main/DEBUG] [mixin/]: Instancing new MixinPlatformAgentMinecraftForge for SecureJarResource(minecraft)
[11aug2024 15:03:19.214] [main/DEBUG] [mixin/]: MixinPlatformAgentMinecraftForge rejected container SecureJarResource(minecraft)
[11aug2024 15:03:19.214] [main/DEBUG] [mixin/]: Instancing new MixinPlatformAgentDefault for SecureJarResource(minecraft)
[11aug2024 15:03:19.214] [main/DEBUG] [mixin/]: MixinPlatformAgentDefault accepted container SecureJarResource(minecraft)
[11aug2024 15:03:19.215] [main/DEBUG] [mixin/]: Instancing new FMLMixinPlatformAgent for SecureJarResource(minecraft)
[11aug2024 15:03:19.216] [main/DEBUG] [mixin/]: FMLMixinPlatformAgent rejected container SecureJarResource(minecraft)
[11aug2024 15:03:19.216] [main/DEBUG] [mixin/]: Processing prepare() for PlatformAgent[MixinPlatformAgentDefault:SecureJarResource(minecraft)]
[11aug2024 15:03:19.216] [main/DEBUG] [mixin/]: Adding mixin platform agents for container SecureJarResource(oceansdelight)
[11aug2024 15:03:19.216] [main/DEBUG] [mixin/]: Instancing new MixinPlatformAgentMinecraftForge for SecureJarResource(oceansdelight)
[11aug2024 15:03:19.216] [main/DEBUG] [mixin/]: MixinPlatformAgentMinecraftForge rejected container SecureJarResource(oceansdelight)
[11aug2024 15:03:19.217] [main/DEBUG] [mixin/]: Instancing new MixinPlatformAgentDefault for SecureJarResource(oceansdelight)
[11aug2024 15:03:19.217] [main/DEBUG] [mixin/]: MixinPlatformAgentDefault accepted container SecureJarResource(oceansdelight)
[11aug2024 15:03:19.217] [main/DEBUG] [mixin/]: Instancing new FMLMixinPlatformAgent for SecureJarResource(oceansdelight)
[11aug2024 15:03:19.219] [main/DEBUG] [mixin/]: FMLMixinPlatformAgent rejected container SecureJarResource(oceansdelight)
[11aug2024 15:03:19.219] [main/DEBUG] [mixin/]: Processing prepare() for PlatformAgent[MixinPlatformAgentDefault:SecureJarResource(oceansdelight)]
[11aug2024 15:03:19.219] [main/DEBUG] [mixin/]: Adding mixin platform agents for container SecureJarResource(jei)
[11aug2024 15:03:19.219] [main/DEBUG] [mixin/]: Instancing new MixinPlatformAgentMinecraftForge for SecureJarResource(jei)
[11aug2024 15:03:19.219] [main/DEBUG] [mixin/]: MixinPlatformAgentMinecraftForge rejected container SecureJarResource(jei)
[11aug2024 15:03:19.219] [main/DEBUG] [mixin/]: Instancing new MixinPlatformAgentDefault for SecureJarResource(jei)
[11aug2024 15:03:19.220] [main/DEBUG] [mixin/]: MixinPlatformAgentDefault accepted container SecureJarResource(jei)
[11aug2024 15:03:19.220] [main/DEBUG] [mixin/]: Instancing new FMLMixinPlatformAgent for SecureJarResource(jei)
[11aug2024 15:03:19.220] [main/DEBUG] [mixin/]: FMLMixinPlatformAgent rejected container SecureJarResource(jei)
[11aug2024 15:03:19.220] [main/DEBUG] [mixin/]: Processing prepare() for PlatformAgent[MixinPlatformAgentDefault:SecureJarResource(jei)]
[11aug2024 15:03:19.220] [main/DEBUG] [mixin/]: Adding mixin platform agents for container SecureJarResource(mixinextras.neoforge)
[11aug2024 15:03:19.220] [main/DEBUG] [mixin/]: Instancing new MixinPlatformAgentMinecraftForge for SecureJarResource(mixinextras.neoforge)
[11aug2024 15:03:19.220] [main/DEBUG] [mixin/]: MixinPlatformAgentMinecraftForge rejected container SecureJarResource(mixinextras.neoforge)
[11aug2024 15:03:19.220] [main/DEBUG] [mixin/]: Instancing new MixinPlatformAgentDefault for SecureJarResource(mixinextras.neoforge)
[11aug2024 15:03:19.220] [main/DEBUG] [mixin/]: MixinPlatformAgentDefault accepted container SecureJarResource(mixinextras.neoforge)
[11aug2024 15:03:19.220] [main/DEBUG] [mixin/]: Instancing new FMLMixinPlatformAgent for SecureJarResource(mixinextras.neoforge)
[11aug2024 15:03:19.220] [main/DEBUG] [mixin/]: FMLMixinPlatformAgent rejected container SecureJarResource(mixinextras.neoforge)
[11aug2024 15:03:19.220] [main/DEBUG] [mixin/]: Processing prepare() for PlatformAgent[MixinPlatformAgentDefault:SecureJarResource(mixinextras.neoforge)]
[11aug2024 15:03:19.220] [main/DEBUG] [mixin/]: Registering mixin config: mixinextras.init.mixins.json source=SecureJarResource(mixinextras.neoforge)
[11aug2024 15:03:19.223] [main/DEBUG] [mixin/]: inject() running with 8 agents
[11aug2024 15:03:19.223] [main/DEBUG] [mixin/]: Processing inject() for PlatformAgent[MixinPlatformAgentDefault:ModLauncher Root Container(ModLauncher:4f56a0a2)]
[11aug2024 15:03:19.224] [main/DEBUG] [mixin/]: Processing inject() for PlatformAgent[MixinPlatformAgentDefault:net.neoforged.fml.loading.mixin.FMLMixinContainerHandle@35835fa]
[11aug2024 15:03:19.224] [main/DEBUG] [mixin/]: Processing inject() for PlatformAgent[FMLMixinPlatformAgent:null]
[11aug2024 15:03:19.224] [main/DEBUG] [mixin/]: Processing inject() for PlatformAgent[MixinPlatformAgentDefault:SecureJarResource(mixin_synthetic)]
[11aug2024 15:03:19.224] [main/DEBUG] [mixin/]: Processing inject() for PlatformAgent[MixinPlatformAgentDefault:SecureJarResource(farmersdelight)]
[11aug2024 15:03:19.224] [main/DEBUG] [mixin/]: Processing inject() for PlatformAgent[MixinPlatformAgentDefault:SecureJarResource(minecraft)]
[11aug2024 15:03:19.225] [main/DEBUG] [mixin/]: Processing inject() for PlatformAgent[MixinPlatformAgentDefault:SecureJarResource(oceansdelight)]
[11aug2024 15:03:19.225] [main/DEBUG] [mixin/]: Processing inject() for PlatformAgent[MixinPlatformAgentDefault:SecureJarResource(jei)]
[11aug2024 15:03:19.229] [main/DEBUG] [mixin/]: Processing inject() for PlatformAgent[MixinPlatformAgentDefault:SecureJarResource(mixinextras.neoforge)]
[11aug2024 15:03:19.230] [main/INFO] [cpw.mods.modlauncher.LaunchServiceHandler/MODLAUNCHER]: Launching target 'forgeserveruserdev' with arguments [--gameDir, ., --nogui]
[11aug2024 15:03:19.304] [main/DEBUG] [mixin/]: Preparing mixins for MixinEnvironment[DEFAULT]
[11aug2024 15:03:19.304] [main/DEBUG] [mixin/]: Selecting config farmersdelight.mixins.json
[11aug2024 15:03:19.312] [main/DEBUG] [mixin/]: Selecting config neoforge.mixins.json
[11aug2024 15:03:19.313] [main/DEBUG] [mixin/]: Selecting config jei.mixins.json
[11aug2024 15:03:19.314] [main/DEBUG] [mixin/]: Selecting config mixinextras.init.mixins.json
[11aug2024 15:03:19.358] [main/DEBUG] [MixinExtras|Service/]: com.llamalad7.mixinextras.service.MixinExtrasServiceImpl(version=0.3.5) is taking over from null
[11aug2024 15:03:19.396] [main/DEBUG] [mixin/]: Registering new injector for @Inject with org.spongepowered.asm.mixin.injection.struct.CallbackInjectionInfo
[11aug2024 15:03:19.397] [main/DEBUG] [mixin/]: Registering new injector for @ModifyArg with org.spongepowered.asm.mixin.injection.struct.ModifyArgInjectionInfo
[11aug2024 15:03:19.398] [main/DEBUG] [mixin/]: Registering new injector for @ModifyArgs with org.spongepowered.asm.mixin.injection.struct.ModifyArgsInjectionInfo
[11aug2024 15:03:19.401] [main/DEBUG] [mixin/]: Registering new injector for @Redirect with org.spongepowered.asm.mixin.injection.struct.RedirectInjectionInfo
[11aug2024 15:03:19.404] [main/DEBUG] [mixin/]: Registering new injector for @ModifyVariable with org.spongepowered.asm.mixin.injection.struct.ModifyVariableInjectionInfo
[11aug2024 15:03:19.406] [main/DEBUG] [mixin/]: Registering new injector for @ModifyConstant with org.spongepowered.asm.mixin.injection.struct.ModifyConstantInjectionInfo
[11aug2024 15:03:19.421] [main/DEBUG] [mixin/]: Preparing farmersdelight.mixins.json (6)
[11aug2024 15:03:19.446] [main/TRACE] [mixin/]: Added class metadata for net/minecraft/world/level/block/CampfireBlock to metadata cache
[11aug2024 15:03:19.453] [main/DEBUG] [net.neoforged.accesstransformer.AccessTransformer/AXFORM]: Transforming net.minecraft.world.level.block.DispenserBlock FIELD DISPENSER_REGISTRY to access PUBLIC and REMOVEFINAL
[11aug2024 15:03:19.454] [main/DEBUG] [net.neoforged.accesstransformer.AccessTransformer/AXFORM]: Transforming net.minecraft.world.level.block.DispenserBlock METHOD <init>(Lnet/minecraft/world/level/block/state/BlockBehaviour$Properties;)V to access PUBLIC and LEAVE
[11aug2024 15:03:19.456] [main/TRACE] [mixin/]: Added class metadata for net/minecraft/world/level/block/DispenserBlock to metadata cache
[11aug2024 15:03:19.459] [main/TRACE] [mixin/]: Added class metadata for net/minecraft/world/level/levelgen/feature/Feature to metadata cache
[11aug2024 15:03:19.460] [main/TRACE] [mixin/]: Added class metadata for net/minecraft/world/level/levelgen/feature/trunkplacers/TrunkPlacer to metadata cache
[11aug2024 15:03:19.461] [main/DEBUG] [mixin/]: Preparing neoforge.mixins.json (2)
[11aug2024 15:03:19.468] [main/DEBUG] [net.neoforged.accesstransformer.AccessTransformer/AXFORM]: Transforming net.minecraft.world.level.block.entity.BlockEntityType INNERCLASS BlockEntitySupplier to access PUBLIC and LEAVE
[11aug2024 15:03:19.472] [main/TRACE] [mixin/]: Added class metadata for net/minecraft/world/level/block/entity/BlockEntityType to metadata cache
[11aug2024 15:03:19.474] [main/TRACE] [mixin/]: Added class metadata for net/minecraft/core/MappedRegistry to metadata cache
[11aug2024 15:03:19.475] [main/DEBUG] [mixin/]: Preparing jei.mixins.json (1)
[11aug2024 15:03:19.475] [main/DEBUG] [mixin/]: Preparing mixinextras.init.mixins.json (0)
[11aug2024 15:03:19.481] [main/TRACE] [mixin/]: Added class metadata for net/neoforged/neoforge/common/ModConfigSpec$BooleanValue to metadata cache
[11aug2024 15:03:19.484] [main/TRACE] [mixin/]: Added class metadata for java/lang/invoke/MethodHandles$Lookup to metadata cache
[11aug2024 15:03:19.622] [main/DEBUG] [io.netty.util.internal.logging.InternalLoggerFactory/]: Using SLF4J as the default logging framework
[11aug2024 15:03:19.625] [main/DEBUG] [io.netty.util.ResourceLeakDetector/]: -Dio.netty.leakDetection.level: simple
[11aug2024 15:03:19.626] [main/DEBUG] [io.netty.util.ResourceLeakDetector/]: -Dio.netty.leakDetection.targetRecords: 4
[11aug2024 15:03:19.776] [main/DEBUG] [oshi.util.FileUtil/]: No oshi.properties file found from ClassLoader cpw.mods.modlauncher.TransformingClassLoader@37637a24
[11aug2024 15:03:20.272] [main/DEBUG] [oshi.util.FileUtil/]: No oshi.architecture.properties file found from ClassLoader cpw.mods.modlauncher.TransformingClassLoader@37637a24
[11aug2024 15:03:20.584] [main/INFO] [MixinExtras|Service/]: Initializing MixinExtras via com.llamalad7.mixinextras.service.MixinExtrasServiceImpl(version=0.3.5).
[11aug2024 15:03:20.585] [main/DEBUG] [mixin/]: Registering new injector for @SugarWrapper with com.llamalad7.mixinextras.sugar.impl.SugarWrapperInjectionInfo
[11aug2024 15:03:20.586] [main/DEBUG] [mixin/]: Registering new injector for @FactoryRedirectWrapper with com.llamalad7.mixinextras.wrapper.factory.FactoryRedirectWrapperInjectionInfo
[11aug2024 15:03:20.589] [main/DEBUG] [mixin/]: Mixing MappedRegistryAccessor from neoforge.mixins.json into net.minecraft.core.MappedRegistry
[11aug2024 15:03:21.227] [main/DEBUG] [mixin/]: Mixing CuttingBoardDispenserMixin from farmersdelight.mixins.json into net.minecraft.world.level.block.DispenserBlock
[11aug2024 15:03:21.285] [main/DEBUG] [mixin/]: farmersdelight.mixins.json:CuttingBoardDispenserMixin from mod farmersdelight->@Inject::onCuttingBoardDispenseFromInject(Lnet/minecraft/server/level/ServerLevel;Lnet/minecraft/world/level/block/state/BlockState;Lnet/minecraft/core/BlockPos;Lorg/spongepowered/asm/mixin/injection/callback/CallbackInfo;Lnet/minecraft/world/level/block/entity/DispenserBlockEntity;Lnet/minecraft/core/dispenser/BlockSource;ILnet/minecraft/world/item/ItemStack;)V does use it's CallbackInfo
[11aug2024 15:03:21.459] [main/DEBUG] [mixin/]: Mixing CampfireBaleMixin from farmersdelight.mixins.json into net.minecraft.world.level.block.CampfireBlock
[11aug2024 15:03:21.468] [main/DEBUG] [mixin/]: farmersdelight.mixins.json:CampfireBaleMixin from mod farmersdelight->@Inject::isFDSmokeSource(Lnet/minecraft/world/level/block/state/BlockState;Lorg/spongepowered/asm/mixin/injection/callback/CallbackInfoReturnable;)V does use it's CallbackInfoReturnable
[11aug2024 15:03:21.516] [main/DEBUG] [net.neoforged.coremod.transformer.CoreModBaseTransformer/COREMOD]: Transforming net/minecraft/world/level/block/FlowerPotBlock
[11aug2024 15:03:21.555] [main/DEBUG] [net.neoforged.coremod.transformer.CoreModBaseTransformer/COREMOD]: Transforming net/minecraft/world/entity/EntityType
[11aug2024 15:03:21.777] [main/DEBUG] [mixin/]: Mixing KeepRichSoilTreeMixin from farmersdelight.mixins.json into net.minecraft.world.level.levelgen.feature.trunkplacers.TrunkPlacer
[11aug2024 15:03:21.778] [main/DEBUG] [mixin/]: Renaming synthetic method lambda$cancelSetDirtIfRichSoil$0(Lnet/minecraft/world/level/block/state/BlockState;)Z to mdb2354b$farmersdelight$lambda$cancelSetDirtIfRichSoil$0$0 in farmersdelight.mixins.json:KeepRichSoilTreeMixin from mod farmersdelight
[11aug2024 15:03:21.786] [main/DEBUG] [mixin/]: farmersdelight.mixins.json:KeepRichSoilTreeMixin from mod farmersdelight->@Inject::cancelSetDirtIfRichSoil(Lnet/minecraft/world/level/LevelSimulatedReader;Ljava/util/function/BiConsumer;Lnet/minecraft/util/RandomSource;Lnet/minecraft/core/BlockPos;Lnet/minecraft/world/level/levelgen/feature/configurations/TreeConfiguration;Lorg/spongepowered/asm/mixin/injection/callback/CallbackInfo;)V does use it's CallbackInfo
[11aug2024 15:03:22.065] [main/DEBUG] [mixin/]: Mixing BlockEntityTypeAccessor from neoforge.mixins.json into net.minecraft.world.level.block.entity.BlockEntityType
[11aug2024 15:03:22.353] [main/DEBUG] [net.neoforged.coremod.transformer.CoreModBaseTransformer/COREMOD]: Transforming net/minecraft/world/level/biome/Biome
[11aug2024 15:03:22.814] [main/DEBUG] [net.neoforged.coremod.transformer.CoreModBaseTransformer/COREMOD]: Transforming net/minecraft/world/entity/animal/frog/Tadpole
[11aug2024 15:03:23.369] [main/DEBUG] [io.netty.util.internal.PlatformDependent0/]: -Dio.netty.noUnsafe: false
[11aug2024 15:03:23.369] [main/DEBUG] [io.netty.util.internal.PlatformDependent0/]: Java version: 21
[11aug2024 15:03:23.369] [main/DEBUG] [io.netty.util.internal.PlatformDependent0/]: sun.misc.Unsafe.theUnsafe: available
[11aug2024 15:03:23.370] [main/DEBUG] [io.netty.util.internal.PlatformDependent0/]: sun.misc.Unsafe.copyMemory: available
[11aug2024 15:03:23.370] [main/DEBUG] [io.netty.util.internal.PlatformDependent0/]: sun.misc.Unsafe.storeFence: available
[11aug2024 15:03:23.370] [main/DEBUG] [io.netty.util.internal.PlatformDependent0/]: java.nio.Buffer.address: available
[11aug2024 15:03:23.371] [main/DEBUG] [io.netty.util.internal.PlatformDependent0/]: java.nio.Bits.unaligned: available, true
[11aug2024 15:03:23.372] [main/DEBUG] [io.netty.util.internal.PlatformDependent0/]: java.nio.DirectByteBuffer.<init>(long, {int,long}): unavailable
[11aug2024 15:03:23.372] [main/DEBUG] [io.netty.util.internal.PlatformDependent/]: sun.misc.Unsafe: available
[11aug2024 15:03:23.372] [main/DEBUG] [io.netty.util.internal.PlatformDependent/]: maxDirectMemory: 8573157376 bytes (maybe)
[11aug2024 15:03:23.372] [main/DEBUG] [io.netty.util.internal.PlatformDependent/]: -Dio.netty.tmpdir: C:\Users\Veenstra\AppData\Local\Temp (java.io.tmpdir)
[11aug2024 15:03:23.372] [main/DEBUG] [io.netty.util.internal.PlatformDependent/]: -Dio.netty.bitMode: 64 (sun.arch.data.model)
[11aug2024 15:03:23.373] [main/DEBUG] [io.netty.util.internal.PlatformDependent/]: Platform: Windows
[11aug2024 15:03:23.373] [main/DEBUG] [io.netty.util.internal.PlatformDependent/]: -Dio.netty.maxDirectMemory: -1 bytes
[11aug2024 15:03:23.373] [main/DEBUG] [io.netty.util.internal.PlatformDependent/]: -Dio.netty.uninitializedArrayAllocationThreshold: -1
[11aug2024 15:03:23.374] [main/DEBUG] [io.netty.util.internal.CleanerJava9/]: java.nio.ByteBuffer.cleaner(): available
[11aug2024 15:03:23.374] [main/DEBUG] [io.netty.util.internal.PlatformDependent/]: -Dio.netty.noPreferDirect: false
[11aug2024 15:03:24.071] [main/DEBUG] [net.neoforged.coremod.transformer.CoreModBaseTransformer/COREMOD]: Transforming net/minecraft/world/entity/monster/Spider
[11aug2024 15:03:24.111] [main/DEBUG] [net.neoforged.coremod.transformer.CoreModBaseTransformer/COREMOD]: Transforming net/minecraft/world/entity/monster/Zombie
[11aug2024 15:03:24.144] [main/DEBUG] [net.neoforged.coremod.transformer.CoreModBaseTransformer/COREMOD]: Transforming net/minecraft/world/entity/monster/ZombieVillager
[11aug2024 15:03:24.185] [main/DEBUG] [net.neoforged.coremod.transformer.CoreModBaseTransformer/COREMOD]: Transforming net/minecraft/world/entity/monster/Evoker$EvokerSummonSpellGoal
[11aug2024 15:03:24.292] [main/DEBUG] [net.neoforged.coremod.transformer.CoreModBaseTransformer/COREMOD]: Transforming net/minecraft/world/entity/animal/horse/SkeletonTrapGoal
[11aug2024 15:03:24.307] [main/DEBUG] [net.neoforged.coremod.transformer.CoreModBaseTransformer/COREMOD]: Transforming net/minecraft/world/entity/monster/Strider
[11aug2024 15:03:24.339] [main/DEBUG] [net.neoforged.coremod.transformer.CoreModBaseTransformer/COREMOD]: Transforming net/minecraft/world/entity/npc/Villager
[11aug2024 15:03:25.141] [main/DEBUG] [mixin/]: Mixing KeepRichSoilGiantTreeMixin from farmersdelight.mixins.json into net.minecraft.world.level.levelgen.feature.Feature
[11aug2024 15:03:25.142] [main/DEBUG] [mixin/]: Renaming synthetic method lambda$keepRichSoil$0(Lnet/minecraft/world/level/block/state/BlockState;)Z to mdb2354b$farmersdelight$lambda$keepRichSoil$0$0 in farmersdelight.mixins.json:KeepRichSoilGiantTreeMixin from mod farmersdelight
[11aug2024 15:03:25.181] [main/DEBUG] [mixin/]: farmersdelight.mixins.json:KeepRichSoilGiantTreeMixin from mod farmersdelight->@Inject::keepRichSoil(Lnet/minecraft/world/level/LevelSimulatedReader;Lnet/minecraft/core/BlockPos;Lorg/spongepowered/asm/mixin/injection/callback/CallbackInfoReturnable;)V does use it's CallbackInfoReturnable
[11aug2024 15:03:25.292] [main/DEBUG] [net.neoforged.coremod.transformer.CoreModBaseTransformer/COREMOD]: Transforming net/minecraft/world/level/levelgen/structure/Structure
[11aug2024 15:03:25.331] [main/DEBUG] [net.neoforged.coremod.transformer.CoreModBaseTransformer/COREMOD]: Transforming net/minecraft/world/level/levelgen/structure/structures/OceanRuinPieces$OceanRuinPiece
[11aug2024 15:03:25.340] [main/DEBUG] [net.neoforged.coremod.transformer.CoreModBaseTransformer/COREMOD]: Transforming net/minecraft/world/level/levelgen/structure/structures/SwampHutPiece
[11aug2024 15:03:25.347] [main/DEBUG] [net.neoforged.coremod.transformer.CoreModBaseTransformer/COREMOD]: Transforming net/minecraft/world/level/levelgen/structure/structures/OceanMonumentPieces$OceanMonumentPiece
[11aug2024 15:03:25.359] [main/DEBUG] [net.neoforged.coremod.transformer.CoreModBaseTransformer/COREMOD]: Transforming net/minecraft/world/level/levelgen/structure/structures/WoodlandMansionPieces$WoodlandMansionPiece
[11aug2024 15:03:25.645] [main/DEBUG] [net.neoforged.neoforge.registries.GameData/REGISTRIES]: Creating vanilla freeze snapshot
[11aug2024 15:03:25.664] [main/DEBUG] [net.neoforged.neoforge.registries.GameData/REGISTRIES]: Vanilla freeze snapshot created
[11aug2024 15:03:26.056] [main/DEBUG] [net.neoforged.coremod.transformer.CoreModBaseTransformer/COREMOD]: Transforming net/minecraft/server/commands/SummonCommand
[11aug2024 15:03:26.122] [main/DEBUG] [net.neoforged.coremod.transformer.CoreModBaseTransformer/COREMOD]: Transforming net/minecraft/server/commands/RaidCommand
[11aug2024 15:03:26.171] [main/WARN] [net.minecraft.commands.Commands/]: Ambiguity between arguments [teleport, location] and [teleport, destination] with inputs: [0.1 -0.5 .9, 0 0 0]
[11aug2024 15:03:26.172] [main/WARN] [net.minecraft.commands.Commands/]: Ambiguity between arguments [teleport, location] and [teleport, targets] with inputs: [0.1 -0.5 .9, 0 0 0]
[11aug2024 15:03:26.175] [main/WARN] [net.minecraft.commands.Commands/]: Ambiguity between arguments [teleport, destination] and [teleport, targets] with inputs: [Player, 0123, @e, dd12be42-52a9-4a91-a8a1-11c01849e498]
[11aug2024 15:03:26.177] [main/WARN] [net.minecraft.commands.Commands/]: Ambiguity between arguments [teleport, targets] and [teleport, destination] with inputs: [Player, 0123, dd12be42-52a9-4a91-a8a1-11c01849e498]
[11aug2024 15:03:26.179] [main/WARN] [net.minecraft.commands.Commands/]: Ambiguity between arguments [teleport, targets, location] and [teleport, targets, destination] with inputs: [0.1 -0.5 .9, 0 0 0]
[11aug2024 15:03:26.220] [main/DEBUG] [net.neoforged.fml.ModWorkManager/LOADING]: Using 8 threads for parallel mod-loading
[11aug2024 15:03:26.229] [main/DEBUG] [net.neoforged.fml.javafmlmod.FMLModContainer/LOADING]: Creating FMLModContainer instance for [vectorwing.farmersdelight.FarmersDelight]
[11aug2024 15:03:26.232] [main/DEBUG] [net.neoforged.fml.javafmlmod.FMLModContainer/LOADING]: Creating FMLModContainer instance for [com.scouter.oceansdelight.OceansDelight]
[11aug2024 15:03:26.233] [main/DEBUG] [net.neoforged.fml.javafmlmod.FMLModContainer/LOADING]: Creating FMLModContainer instance for [net.neoforged.neoforge.common.NeoForgeMod]
[11aug2024 15:03:26.235] [main/DEBUG] [net.neoforged.fml.javafmlmod.FMLModContainer/LOADING]: Creating FMLModContainer instance for [mezz.jei.neoforge.JustEnoughItems]
[11aug2024 15:03:26.254] [modloading-worker-0/DEBUG] [net.neoforged.fml.javafmlmod.AutomaticEventSubscriber/LOADING]: Attempting to inject @EventBusSubscriber classes into the eventbus for oceansdelight
[11aug2024 15:03:26.255] [modloading-worker-0/DEBUG] [net.neoforged.neoforge.internal.versions.neoforge.NeoForgeVersion/CORE]: Found NeoForge version 21.0.114-beta
[11aug2024 15:03:26.255] [modloading-worker-0/DEBUG] [net.neoforged.neoforge.internal.versions.neoforge.NeoForgeVersion/CORE]: Found FML version 4.0.18
[11aug2024 15:03:26.255] [modloading-worker-0/INFO] [net.neoforged.neoforge.common.NeoForgeMod/NEOFORGE-MOD]: NeoForge mod loading, version 21.0.114-beta, for MC 1.21
[11aug2024 15:03:26.255] [modloading-worker-0/DEBUG] [net.neoforged.fml.config.ConfigTracker/CONFIG]: Config file jei-server.toml for jei tracking
[11aug2024 15:03:26.255] [modloading-worker-0/DEBUG] [net.neoforged.fml.config.ConfigTracker/CONFIG]: Config file farmersdelight-common.toml for farmersdelight tracking
[11aug2024 15:03:26.256] [modloading-worker-0/DEBUG] [net.neoforged.fml.config.ConfigTracker/CONFIG]: Config file farmersdelight-client.toml for farmersdelight tracking
[11aug2024 15:03:26.256] [modloading-worker-0/DEBUG] [net.neoforged.fml.javafmlmod.AutomaticEventSubscriber/LOADING]: Auto-subscribing com.scouter.oceansdelight.datagen.DataGenerators to MOD
[11aug2024 15:03:26.258] [modloading-worker-0/DEBUG] [net.neoforged.fml.javafmlmod.AutomaticEventSubscriber/LOADING]: Attempting to inject @EventBusSubscriber classes into the eventbus for jei
[11aug2024 15:03:26.265] [modloading-worker-0/DEBUG] [net.neoforged.fml.config.ConfigTracker/CONFIG]: Config file neoforge-client.toml for neoforge tracking
[11aug2024 15:03:26.265] [modloading-worker-0/DEBUG] [net.neoforged.fml.config.ConfigTracker/CONFIG]: Config file neoforge-server.toml for neoforge tracking
[11aug2024 15:03:26.265] [modloading-worker-0/DEBUG] [net.neoforged.fml.config.ConfigTracker/CONFIG]: Config file neoforge-common.toml for neoforge tracking
[11aug2024 15:03:26.292] [modloading-worker-0/DEBUG] [net.neoforged.fml.javafmlmod.AutomaticEventSubscriber/LOADING]: Attempting to inject @EventBusSubscriber classes into the eventbus for neoforge
[11aug2024 15:03:26.292] [modloading-worker-0/DEBUG] [net.neoforged.fml.javafmlmod.AutomaticEventSubscriber/LOADING]: Auto-subscribing net.neoforged.neoforge.network.filters.GenericPacketSplitter to MOD
[11aug2024 15:03:26.312] [modloading-worker-0/DEBUG] [io.netty.buffer.AbstractByteBuf/]: -Dio.netty.buffer.checkAccessible: true
[11aug2024 15:03:26.312] [modloading-worker-0/DEBUG] [io.netty.buffer.AbstractByteBuf/]: -Dio.netty.buffer.checkBounds: true
[11aug2024 15:03:26.313] [modloading-worker-0/DEBUG] [io.netty.util.ResourceLeakDetectorFactory/]: Loaded default ResourceLeakDetector: io.netty.util.ResourceLeakDetector@4902023c
[11aug2024 15:03:26.318] [modloading-worker-0/DEBUG] [io.netty.util.internal.InternalThreadLocalMap/]: -Dio.netty.threadLocalMap.stringBuilder.initialSize: 1024
[11aug2024 15:03:26.318] [modloading-worker-0/DEBUG] [io.netty.util.internal.InternalThreadLocalMap/]: -Dio.netty.threadLocalMap.stringBuilder.maxSize: 4096
[11aug2024 15:03:26.319] [modloading-worker-0/DEBUG] [net.neoforged.fml.javafmlmod.AutomaticEventSubscriber/LOADING]: Attempting to inject @EventBusSubscriber classes into the eventbus for farmersdelight
[11aug2024 15:03:26.319] [modloading-worker-0/DEBUG] [net.neoforged.fml.javafmlmod.AutomaticEventSubscriber/LOADING]: Auto-subscribing vectorwing.farmersdelight.data.DataGenerators to MOD
[11aug2024 15:03:26.320] [modloading-worker-0/DEBUG] [io.netty.buffer.PooledByteBufAllocator/]: -Dio.netty.allocator.numHeapArenas: 16
[11aug2024 15:03:26.320] [modloading-worker-0/DEBUG] [io.netty.buffer.PooledByteBufAllocator/]: -Dio.netty.allocator.numDirectArenas: 16
[11aug2024 15:03:26.320] [modloading-worker-0/DEBUG] [net.neoforged.fml.javafmlmod.AutomaticEventSubscriber/LOADING]: Auto-subscribing vectorwing.farmersdelight.common.item.SkilletItem$SkilletEvents to GAME
[11aug2024 15:03:26.320] [modloading-worker-0/DEBUG] [io.netty.buffer.PooledByteBufAllocator/]: -Dio.netty.allocator.pageSize: 8192
[11aug2024 15:03:26.320] [modloading-worker-0/DEBUG] [io.netty.buffer.PooledByteBufAllocator/]: -Dio.netty.allocator.maxOrder: 9
[11aug2024 15:03:26.320] [modloading-worker-0/DEBUG] [io.netty.buffer.PooledByteBufAllocator/]: -Dio.netty.allocator.chunkSize: 4194304
[11aug2024 15:03:26.320] [modloading-worker-0/DEBUG] [io.netty.buffer.PooledByteBufAllocator/]: -Dio.netty.allocator.smallCacheSize: 256
[11aug2024 15:03:26.320] [modloading-worker-0/DEBUG] [io.netty.buffer.PooledByteBufAllocator/]: -Dio.netty.allocator.normalCacheSize: 64
[11aug2024 15:03:26.320] [modloading-worker-0/DEBUG] [io.netty.buffer.PooledByteBufAllocator/]: -Dio.netty.allocator.maxCachedBufferCapacity: 32768
[11aug2024 15:03:26.320] [modloading-worker-0/DEBUG] [io.netty.buffer.PooledByteBufAllocator/]: -Dio.netty.allocator.cacheTrimInterval: 8192
[11aug2024 15:03:26.320] [modloading-worker-0/DEBUG] [io.netty.buffer.PooledByteBufAllocator/]: -Dio.netty.allocator.cacheTrimIntervalMillis: 0
[11aug2024 15:03:26.321] [modloading-worker-0/DEBUG] [io.netty.buffer.PooledByteBufAllocator/]: -Dio.netty.allocator.useCacheForAllThreads: false
[11aug2024 15:03:26.321] [modloading-worker-0/DEBUG] [net.neoforged.fml.javafmlmod.AutomaticEventSubscriber/LOADING]: Auto-subscribing vectorwing.farmersdelight.common.item.KnifeItem$KnifeEvents to GAME
[11aug2024 15:03:26.321] [modloading-worker-0/DEBUG] [io.netty.buffer.PooledByteBufAllocator/]: -Dio.netty.allocator.maxCachedByteBuffersPerChunk: 1023
[11aug2024 15:03:26.321] [modloading-worker-0/DEBUG] [net.neoforged.fml.javafmlmod.AutomaticEventSubscriber/LOADING]: Auto-subscribing vectorwing.farmersdelight.common.item.HorseFeedItem$HorseFeedEvent to GAME
[11aug2024 15:03:26.322] [modloading-worker-0/DEBUG] [net.neoforged.fml.javafmlmod.AutomaticEventSubscriber/LOADING]: Auto-subscribing vectorwing.farmersdelight.common.item.enchantment.BackstabbingEnchantment$BackstabbingEvent to GAME
[11aug2024 15:03:26.323] [modloading-worker-0/DEBUG] [net.neoforged.fml.javafmlmod.AutomaticEventSubscriber/LOADING]: Auto-subscribing vectorwing.farmersdelight.common.item.DogFoodItem$DogFoodEvent to GAME
[11aug2024 15:03:26.324] [modloading-worker-0/DEBUG] [net.neoforged.fml.javafmlmod.AutomaticEventSubscriber/LOADING]: Auto-subscribing vectorwing.farmersdelight.common.event.VillagerEvents to GAME
[11aug2024 15:03:26.325] [modloading-worker-0/DEBUG] [net.neoforged.fml.javafmlmod.AutomaticEventSubscriber/LOADING]: Auto-subscribing vectorwing.farmersdelight.common.event.CommonModBusEvents to MOD
[11aug2024 15:03:26.326] [modloading-worker-0/DEBUG] [net.neoforged.fml.javafmlmod.AutomaticEventSubscriber/LOADING]: Auto-subscribing vectorwing.farmersdelight.common.event.CommonEvents to GAME
[11aug2024 15:03:26.326] [modloading-worker-0/DEBUG] [net.neoforged.fml.javafmlmod.AutomaticEventSubscriber/LOADING]: Auto-subscribing vectorwing.farmersdelight.common.block.entity.CuttingBoardBlockEntity to MOD
[11aug2024 15:03:26.327] [modloading-worker-0/DEBUG] [io.netty.buffer.ByteBufUtil/]: -Dio.netty.allocator.type: pooled
[11aug2024 15:03:26.327] [modloading-worker-0/DEBUG] [io.netty.buffer.ByteBufUtil/]: -Dio.netty.threadLocalDirectBufferSize: 0
[11aug2024 15:03:26.328] [modloading-worker-0/DEBUG] [io.netty.buffer.ByteBufUtil/]: -Dio.netty.maxThreadLocalCharBufferSize: 16384
[11aug2024 15:03:26.332] [modloading-worker-0/DEBUG] [net.neoforged.fml.javafmlmod.AutomaticEventSubscriber/LOADING]: Auto-subscribing vectorwing.farmersdelight.common.block.entity.CookingPotBlockEntity to MOD
[11aug2024 15:03:26.333] [modloading-worker-0/DEBUG] [net.neoforged.fml.javafmlmod.AutomaticEventSubscriber/LOADING]: Auto-subscribing net.neoforged.neoforge.network.NetworkInitialization to MOD
[11aug2024 15:03:26.333] [modloading-worker-0/DEBUG] [net.neoforged.fml.javafmlmod.AutomaticEventSubscriber/LOADING]: Auto-subscribing net.neoforged.neoforge.network.ConfigurationInitialization to MOD
[11aug2024 15:03:26.336] [modloading-worker-0/DEBUG] [net.neoforged.fml.javafmlmod.AutomaticEventSubscriber/LOADING]: Auto-subscribing net.neoforged.neoforge.common.MonsterRoomHooks to GAME
[11aug2024 15:03:26.336] [modloading-worker-0/DEBUG] [net.neoforged.fml.javafmlmod.AutomaticEventSubscriber/LOADING]: Auto-subscribing vectorwing.farmersdelight.common.block.CuttingBoardBlock$ToolCarvingEvent to GAME
[11aug2024 15:03:26.336] [modloading-worker-0/DEBUG] [net.neoforged.fml.javafmlmod.AutomaticEventSubscriber/LOADING]: Auto-subscribing net.neoforged.neoforge.common.DeferredSpawnEggItem$CommonHandler to MOD
[11aug2024 15:03:26.337] [modloading-worker-0/DEBUG] [net.neoforged.fml.javafmlmod.AutomaticEventSubscriber/LOADING]: Auto-subscribing net.neoforged.neoforge.attachment.AttachmentInternals to GAME
[11aug2024 15:03:26.349] [modloading-sync-worker/DEBUG] [net.neoforged.neoforge.registries.GameData/REGISTRIES]: Unfreezing registries
[11aug2024 15:03:26.534] [modloading-sync-worker/DEBUG] [net.neoforged.neoforge.registries.GameData/REGISTRIES]: Freezing registries
[11aug2024 15:03:26.571] [modloading-sync-worker/DEBUG] [net.neoforged.neoforge.registries.GameData/REGISTRIES]: All registries frozen
[11aug2024 15:03:26.571] [modloading-sync-worker/DEBUG] [net.neoforged.fml.config.ConfigTracker/CONFIG]: Loading configs type COMMON
[11aug2024 15:03:26.573] [modloading-sync-worker/DEBUG] [net.neoforged.neoforge.common.ModConfigSpec/CORE]: List on key canvasSignDarkBackgroundList is deemed to need correction, as it is null, not a list, or the wrong size.
[11aug2024 15:03:26.573] [modloading-sync-worker/DEBUG] [net.neoforged.neoforge.common.ModConfigSpec/CORE]: List on key soupItemList is deemed to need correction, as it is null, not a list, or the wrong size.
[11aug2024 15:03:26.584] [modloading-sync-worker/DEBUG] [net.neoforged.fml.config.ConfigTracker/CONFIG]: Loaded TOML config file C:\Users\Veenstra\Desktop\Oceans Delight - NeoForge - 1.21\runs\server\config\farmersdelight-common.toml
[11aug2024 15:03:26.590] [modloading-sync-worker/DEBUG] [net.neoforged.fml.config.ConfigTracker/CONFIG]: Watching TOML config file C:\Users\Veenstra\Desktop\Oceans Delight - NeoForge - 1.21\runs\server\config\farmersdelight-common.toml for changes
[11aug2024 15:03:26.600] [modloading-sync-worker/DEBUG] [net.neoforged.neoforge.common.NeoForgeConfig/FORGEMOD]: Loaded NeoForge config file neoforge-common.toml
[11aug2024 15:03:26.600] [modloading-sync-worker/DEBUG] [net.neoforged.fml.config.ConfigTracker/CONFIG]: Loaded TOML config file C:\Users\Veenstra\Desktop\Oceans Delight - NeoForge - 1.21\runs\server\config\neoforge-common.toml
[11aug2024 15:03:26.600] [modloading-sync-worker/DEBUG] [net.neoforged.fml.config.ConfigTracker/CONFIG]: Watching TOML config file C:\Users\Veenstra\Desktop\Oceans Delight - NeoForge - 1.21\runs\server\config\neoforge-common.toml for changes
[11aug2024 15:03:26.603] [modloading-sync-worker/DEBUG] [net.neoforged.fml.DeferredWorkQueue/LOADING]: Dispatching synchronous work for work queue Common setup: 2 jobs
[11aug2024 15:03:26.605] [modloading-sync-worker/DEBUG] [net.neoforged.fml.DeferredWorkQueue/LOADING]: Synchronous work queue completed in 896.0 ?s
[11aug2024 15:03:26.674] [main/ERROR] [net.minecraft.server.dedicated.Settings/]: Failed to load properties from file: server.properties
java.nio.file.NoSuchFileException: server.properties
	at java.base/sun.nio.fs.WindowsException.translateToIOException(WindowsException.java:85) ~[?:?]
	at java.base/sun.nio.fs.WindowsException.rethrowAsIOException(WindowsException.java:103) ~[?:?]
	at java.base/sun.nio.fs.WindowsException.rethrowAsIOException(WindowsException.java:108) ~[?:?]
	at java.base/sun.nio.fs.WindowsFileSystemProvider.newByteChannel(WindowsFileSystemProvider.java:234) ~[?:?]
	at java.base/java.nio.file.Files.newByteChannel(Files.java:379) ~[?:?]
	at java.base/java.nio.file.Files.newByteChannel(Files.java:431) ~[?:?]
	at java.base/java.nio.file.spi.FileSystemProvider.newInputStream(FileSystemProvider.java:420) ~[?:?]
	at java.base/java.nio.file.Files.newInputStream(Files.java:159) ~[?:?]
	at TRANSFORMER/minecraft@1.21/net.minecraft.server.dedicated.Settings.loadFromFile(Settings.java:38) ~[neoforge-21.0.114-beta.jar%23189!/:?]
	at TRANSFORMER/minecraft@1.21/net.minecraft.server.dedicated.DedicatedServerProperties.fromFile(DedicatedServerProperties.java:132) ~[neoforge-21.0.114-beta.jar%23189!/:?]
	at TRANSFORMER/minecraft@1.21/net.minecraft.server.dedicated.DedicatedServerSettings.<init>(DedicatedServerSettings.java:12) ~[neoforge-21.0.114-beta.jar%23189!/:?]
	at TRANSFORMER/minecraft@1.21/net.minecraft.server.Main.main(Main.java:125) ~[neoforge-21.0.114-beta.jar%23189!/:?]
	at java.base/jdk.internal.reflect.DirectMethodHandleAccessor.invoke(DirectMethodHandleAccessor.java:103) ~[?:?]
	at java.base/java.lang.reflect.Method.invoke(Method.java:580) ~[?:?]
	at MC-BOOTSTRAP/fml_loader@4.0.18/net.neoforged.fml.loading.targets.CommonLaunchHandler.runTarget(CommonLaunchHandler.java:136) ~[loader-4.0.18.jar%23143!/:4.0]
	at MC-BOOTSTRAP/fml_loader@4.0.18/net.neoforged.fml.loading.targets.CommonLaunchHandler.serverService(CommonLaunchHandler.java:128) ~[loader-4.0.18.jar%23143!/:4.0]
	at MC-BOOTSTRAP/fml_loader@4.0.18/net.neoforged.fml.loading.targets.NeoForgeServerUserdevLaunchHandler.runService(NeoForgeServerUserdevLaunchHandler.java:23) ~[loader-4.0.18.jar%23143!/:4.0]
	at MC-BOOTSTRAP/fml_loader@4.0.18/net.neoforged.fml.loading.targets.CommonLaunchHandler.lambda$launchService$4(CommonLaunchHandler.java:118) ~[loader-4.0.18.jar%23143!/:4.0]
	at MC-BOOTSTRAP/cpw.mods.modlauncher@11.0.4/cpw.mods.modlauncher.LaunchServiceHandlerDecorator.launch(LaunchServiceHandlerDecorator.java:30) [modlauncher-11.0.4.jar%23125!/:?]
	at MC-BOOTSTRAP/cpw.mods.modlauncher@11.0.4/cpw.mods.modlauncher.LaunchServiceHandler.launch(LaunchServiceHandler.java:53) [modlauncher-11.0.4.jar%23125!/:?]
	at MC-BOOTSTRAP/cpw.mods.modlauncher@11.0.4/cpw.mods.modlauncher.LaunchServiceHandler.launch(LaunchServiceHandler.java:71) [modlauncher-11.0.4.jar%23125!/:?]
	at MC-BOOTSTRAP/cpw.mods.modlauncher@11.0.4/cpw.mods.modlauncher.Launcher.run(Launcher.java:103) [modlauncher-11.0.4.jar%23125!/:?]
	at MC-BOOTSTRAP/cpw.mods.modlauncher@11.0.4/cpw.mods.modlauncher.Launcher.main(Launcher.java:74) [modlauncher-11.0.4.jar%23125!/:?]
	at MC-BOOTSTRAP/cpw.mods.modlauncher@11.0.4/cpw.mods.modlauncher.BootstrapLaunchConsumer.accept(BootstrapLaunchConsumer.java:26) [modlauncher-11.0.4.jar%23125!/:?]
	at MC-BOOTSTRAP/cpw.mods.modlauncher@11.0.4/cpw.mods.modlauncher.BootstrapLaunchConsumer.accept(BootstrapLaunchConsumer.java:23) [modlauncher-11.0.4.jar%23125!/:?]
	at cpw.mods.bootstraplauncher@2.0.2/cpw.mods.bootstraplauncher.BootstrapLauncher.run(BootstrapLauncher.java:210) [bootstraplauncher-2.0.2.jar:?]
	at cpw.mods.bootstraplauncher@2.0.2/cpw.mods.bootstraplauncher.BootstrapLauncher.main(BootstrapLauncher.java:69) [bootstraplauncher-2.0.2.jar:?]
[11aug2024 15:03:26.701] [main/INFO] [com.mojang.authlib.yggdrasil.YggdrasilAuthenticationService/]: Environment: Environment[sessionHost=https://sessionserver.mojang.com, servicesHost=https://api.minecraftservices.com, name=PROD]
[11aug2024 15:03:26.736] [main/WARN] [net.minecraft.server.packs.VanillaPackResourcesBuilder/]: Assets URL 'union:/C:/Users/Veenstra/Desktop/Oceans%20Delight%20-%20NeoForge%20-%201.21/.gradle/repositories/ng_dummy_ng/net/neoforged/neoforge/21.0.114-beta/neoforge-21.0.114-beta.jar%23189!/assets/.mcassetsroot' uses unexpected schema
[11aug2024 15:03:26.737] [main/WARN] [net.minecraft.server.packs.VanillaPackResourcesBuilder/]: Assets URL 'union:/C:/Users/Veenstra/Desktop/Oceans%20Delight%20-%20NeoForge%20-%201.21/.gradle/repositories/ng_dummy_ng/net/neoforged/neoforge/21.0.114-beta/neoforge-21.0.114-beta.jar%23189!/data/.mcassetsroot' uses unexpected schema
[11aug2024 15:03:27.250] [main/INFO] [net.minecraft.server.Main/]: No existing world data, creating new world
[11aug2024 15:03:27.723] [main/INFO] [net.minecraft.world.item.crafting.RecipeManager/]: Loaded 1632 recipes
[11aug2024 15:03:27.968] [main/INFO] [net.minecraft.advancements.AdvancementTree/]: Loaded 1631 advancements
[11aug2024 15:03:28.369] [main/DEBUG] [net.neoforged.neoforge.common.CommonHooks/WP]: Gathered mod list to write to world save world
[11aug2024 15:03:28.396] [Server thread/INFO] [net.minecraft.server.dedicated.DedicatedServer/]: Starting minecraft server version 1.21
[11aug2024 15:03:28.396] [Server thread/INFO] [net.minecraft.server.dedicated.DedicatedServer/]: Loading properties
[11aug2024 15:03:28.396] [Server thread/INFO] [net.minecraft.server.dedicated.DedicatedServer/]: Default game type: SURVIVAL
[11aug2024 15:03:28.397] [Server thread/INFO] [net.minecraft.server.MinecraftServer/]: Generating keypair
[11aug2024 15:03:28.458] [Server thread/INFO] [net.minecraft.server.dedicated.DedicatedServer/]: Starting Minecraft server on *:25565
[11aug2024 15:03:28.459] [Server thread/DEBUG] [net.neoforged.neoforge.network.DualStackUtils/]: Detected IPv6 address: "0:0:0:0:0:0:0:0"
[11aug2024 15:03:28.470] [Server thread/DEBUG] [io.netty.channel.MultithreadEventLoopGroup/]: -Dio.netty.eventLoopThreads: 16
[11aug2024 15:03:28.475] [Server thread/DEBUG] [io.netty.util.concurrent.GlobalEventExecutor/]: -Dio.netty.globalEventExecutor.quietPeriodSeconds: 1
[11aug2024 15:03:28.482] [Server thread/DEBUG] [io.netty.channel.nio.NioEventLoop/]: -Dio.netty.noKeySetOptimization: false
[11aug2024 15:03:28.482] [Server thread/DEBUG] [io.netty.channel.nio.NioEventLoop/]: -Dio.netty.selectorAutoRebuildThreshold: 512
[11aug2024 15:03:28.486] [Server thread/DEBUG] [io.netty.util.internal.PlatformDependent/]: org.jctools-core.MpscChunkedArrayQueue: available
[11aug2024 15:03:28.501] [Server thread/INFO] [net.minecraft.server.network.ServerConnectionListener/]: Using default channel type
[11aug2024 15:03:28.509] [Server thread/DEBUG] [io.netty.channel.DefaultChannelId/]: -Dio.netty.processId: 7224 (auto-detected)
[11aug2024 15:03:28.511] [Server thread/DEBUG] [io.netty.util.NetUtil/]: -Djava.net.preferIPv4Stack: false
[11aug2024 15:03:28.511] [Server thread/DEBUG] [io.netty.util.NetUtil/]: -Djava.net.preferIPv6Addresses: true
[11aug2024 15:03:28.513] [Server thread/DEBUG] [io.netty.util.NetUtilInitializations/]: Loopback interface: loopback_0 (Software Loopback Interface 1, 0:0:0:0:0:0:0:1)
[11aug2024 15:03:28.514] [Server thread/DEBUG] [io.netty.util.NetUtil/]: Failed to get SOMAXCONN from sysctl and file \proc\sys\net\core\somaxconn. Default: 200
[11aug2024 15:03:28.515] [Server thread/DEBUG] [io.netty.channel.DefaultChannelId/]: -Dio.netty.machineId: b4:2e:99:ff:fe:cc:a7:31 (auto-detected)
[11aug2024 15:03:28.529] [Server thread/WARN] [net.minecraft.server.dedicated.DedicatedServer/]: **** SERVER IS RUNNING IN OFFLINE/INSECURE MODE!
[11aug2024 15:03:28.530] [Server thread/WARN] [net.minecraft.server.dedicated.DedicatedServer/]: The server will make no attempt to authenticate usernames. Beware.
[11aug2024 15:03:28.530] [Server thread/WARN] [net.minecraft.server.dedicated.DedicatedServer/]: While this makes the game possible to play without internet access, it also opens up the ability for hackers to connect with any username they choose.
[11aug2024 15:03:28.530] [Server thread/WARN] [net.minecraft.server.dedicated.DedicatedServer/]: To change this, set "online-mode" to "true" in the server.properties file.
[11aug2024 15:03:28.542] [Server thread/DEBUG] [net.neoforged.fml.config.ConfigTracker/CONFIG]: Loading configs type SERVER
[11aug2024 15:03:28.549] [Server thread/DEBUG] [net.neoforged.fml.config.ConfigTracker/CONFIG]: Loaded TOML config file C:\Users\Veenstra\Desktop\Oceans Delight - NeoForge - 1.21\runs\server\config\jei-server.toml
[11aug2024 15:03:28.549] [Server thread/DEBUG] [net.neoforged.fml.config.ConfigTracker/CONFIG]: Watching TOML config file C:\Users\Veenstra\Desktop\Oceans Delight - NeoForge - 1.21\runs\server\config\jei-server.toml for changes
[11aug2024 15:03:28.556] [Server thread/DEBUG] [net.neoforged.neoforge.common.NeoForgeConfig/FORGEMOD]: Loaded NeoForge config file neoforge-server.toml
[11aug2024 15:03:28.556] [Server thread/DEBUG] [net.neoforged.fml.config.ConfigTracker/CONFIG]: Loaded TOML config file C:\Users\Veenstra\Desktop\Oceans Delight - NeoForge - 1.21\runs\server\config\neoforge-server.toml
[11aug2024 15:03:28.556] [Server thread/DEBUG] [net.neoforged.fml.config.ConfigTracker/CONFIG]: Watching TOML config file C:\Users\Veenstra\Desktop\Oceans Delight - NeoForge - 1.21\runs\server\config\neoforge-server.toml for changes
[11aug2024 15:03:28.576] [Server thread/INFO] [net.minecraft.server.dedicated.DedicatedServer/]: Preparing level "world"
[11aug2024 15:03:28.579] [Server thread/DEBUG] [net.neoforged.coremod.transformer.CoreModBaseTransformer/COREMOD]: Transforming net/minecraft/world/level/levelgen/PhantomSpawner
[11aug2024 15:03:28.582] [Server thread/DEBUG] [net.neoforged.coremod.transformer.CoreModBaseTransformer/COREMOD]: Transforming net/minecraft/world/level/levelgen/PatrolSpawner
[11aug2024 15:03:28.585] [Server thread/DEBUG] [net.neoforged.coremod.transformer.CoreModBaseTransformer/COREMOD]: Transforming net/minecraft/world/entity/npc/CatSpawner
[11aug2024 15:03:28.588] [Server thread/DEBUG] [net.neoforged.coremod.transformer.CoreModBaseTransformer/COREMOD]: Transforming net/minecraft/world/entity/ai/village/VillageSiege
[11aug2024 15:03:30.501] [worldgen/DEBUG] [net.neoforged.coremod.transformer.CoreModBaseTransformer/COREMOD]: Transforming net/minecraft/world/level/levelgen/structure/templatesystem/StructureTemplate
[11aug2024 15:03:30.896] [worldgen/DEBUG] [net.neoforged.coremod.transformer.CoreModBaseTransformer/COREMOD]: Transforming net/minecraft/world/level/NaturalSpawner
[11aug2024 15:03:30.985] [Server thread/INFO] [net.minecraft.server.MinecraftServer/]: Preparing start region for dimension minecraft:overworld
[11aug2024 15:03:31.003] [worldgen/INFO] [net.minecraft.server.level.progress.LoggerChunkProgressListener/]: Preparing spawn area: 2%
[11aug2024 15:03:31.485] [worldgen/INFO] [net.minecraft.server.level.progress.LoggerChunkProgressListener/]: Preparing spawn area: 2%
[11aug2024 15:03:32.000] [worldgen/INFO] [net.minecraft.server.level.progress.LoggerChunkProgressListener/]: Preparing spawn area: 18%
[11aug2024 15:03:32.495] [worldgen/INFO] [net.minecraft.server.level.progress.LoggerChunkProgressListener/]: Preparing spawn area: 18%
[11aug2024 15:03:32.987] [worldgen/INFO] [net.minecraft.server.level.progress.LoggerChunkProgressListener/]: Preparing spawn area: 51%
[11aug2024 15:03:33.482] [Server thread/INFO] [net.minecraft.server.level.progress.LoggerChunkProgressListener/]: Time elapsed: 2498 ms
[11aug2024 15:03:33.482] [Server thread/INFO] [net.minecraft.server.dedicated.DedicatedServer/]: Done (4.941s)! For help, type "help"
[11aug2024 15:03:33.488] [Server thread/DEBUG] [net.neoforged.neoforge.network.DualStackUtils/]: Detected IPv6 address: "0:0:0:0:0:0:0:0"
[11aug2024 15:03:33.506] [Server thread/DEBUG] [net.neoforged.neoforge.server.LanguageHook/]: Loaded 6 language files for en_us
[11aug2024 15:03:33.508] [Server thread/INFO] [net.neoforged.neoforge.gametest.GameTestHooks/]: Enabled Gametest Namespaces: []
[11aug2024 15:03:33.512] [Server thread/INFO] [net.neoforged.neoforge.server.permission.PermissionAPI/]: Successfully initialized permission handler neoforge:default_handler
